yaw,pitch,distance,label,distance_tier,glasses,headwear,subject,collector,session,captured_at
0.2315031183073748,0.0401187328454322,0.2265302240848541,0,mid 0.5-1.5m,unknown,unknown,unknown,Hector,live_20260725-131354,2026-07-25T11:15:10.827266+00:00
0.3933627822460984,0.041027232492331,0.1989198178052902,0,mid 0.5-1.5m,unknown,unknown,unknown,Hector,live_20260725-131354,2026-07-25T11:15:19.063106+00:00
-0.4395116171387744,0.1824415930035892,0.2102875113487243,0,mid 0.5-1.5m,unknown,unknown,unknown,Hector,live_20260727-204031,2026-07-27T18:43:36.518554+00:00
-2.3067769811354326,-0.0043970089251855,0.0667156875133514,0,far 1.5-3.5m,unknown,unknown,unknown,Hector,live_20260727-204031,2026-07-27T18:43:39.120971+00:00
-1.3350215874092286,0.0928016193225234,0.112954705953598,0,mid 0.5-1.5m,unknown,unknown,unknown,Hector,live_20260727-204031,2026-07-27T18:43:40.459000+00:00
-1.322546581644033,0.3036081232600838,0.1656729280948639,0,mid 0.5-1.5m,unknown,unknown,unknown,Hector,live_20260727-204031,2026-07-27T18:43:45.328756+00:00
-0.3492022470923104,0.1826818623903159,0.1465348899364471,0,mid 0.5-1.5m,unknown,unknown,unknown,Hector,live_20260727-204031,2026-07-27T18:43:47.103120+00:00
-0.369845557876553,0.1736906710138852,0.125148631632328,0,mid 0.5-1.5m,unknown,unknown,unknown,Hector,live_20260727-204031,2026-07-27T18:43:47.977888+00:00
-0.5888984310433586,0.1046637575698097,0.1124912500381469,0,mid 0.5-1.5m,unknown,unknown,unknown,Hector,live_20260727-204031,2026-07-27T18:43:49.491026+00:00
-0.5749732415156621,0.0928562255428367,0.1180915981531143,0,mid 0.5-1.5m,unknown,unknown,unknown,Hector,live_20260727-204031,2026-07-27T18:43:50.177934+00:00
-0.6406752559786207,0.0941854274125873,0.1505149602890014,0,mid 0.5-1.5m,unknown,unknown,unknown,Hector,live_20260727-204031,2026-07-27T18:43:51.646996+00:00
-0.499610246406233,0.22431859448302,0.1639983654022216,0,mid 0.5-1.5m,unknown,unknown,unknown,Hector,live_20260727-204031,2026-07-27T18:43:53.369289+00:00
-0.5939558088687897,0.2036880378721905,0.0985143184661865,0,far 1.5-3.5m,unknown,unknown,unknown,Hector,live_20260727-204031,2026-07-27T18:43:54.001263+00:00
-0.5079648576596386,0.1993779796458211,0.1205620169639587,0,mid 0.5-1.5m,unknown,unknown,unknown,Hector,live_20260727-204031,2026-07-27T18:43:55.141703+00:00
-0.5645890251313097,0.2059278777767047,0.1100152358412742,0,mid 0.5-1.5m,unknown,unknown,unknown,Hector,live_20260727-204031,2026-07-27T18:43:55.766805+00:00
-0.4931604998364793,0.1110702617748393,0.1309417486190796,0,mid 0.5-1.5m,unknown,unknown,unknown,Hector,live_20260727-204031,2026-07-27T18:43:57.081140+00:00
-6.190603314348187,0.0932862329691287,0.0205503106117248,0,v-far >3.5m,unknown,unknown,unknown,Hector,live_20260727-204031,2026-07-27T18:43:57.462879+00:00
-0.6467910348000402,0.1897796310581467,0.1231195926666259,0,mid 0.5-1.5m,unknown,unknown,unknown,Hector,live_20260727-204031,2026-07-27T18:43:58.512625+00:00
-0.6516890451677622,0.2092491997164123,0.1050542667508125,0,mid 0.5-1.5m,unknown,unknown,unknown,Hector,live_20260727-204031,2026-07-27T18:43:58.950630+00:00
-0.5187070491177475,0.1726575936143468,0.1479017734527588,0,mid 0.5-1.5m,unknown,unknown,unknown,Hector,live_20260727-204031,2026-07-27T18:44:01.012210+00:00
0.0996235032667643,0.096164503033043,0.1694387793540954,1,mid 0.5-1.5m,unknown,unknown,unknown,Hector,live_20260727-204031,2026-07-27T18:44:03.546298+00:00
-0.4254947083662741,0.2013151474598374,0.1297450065612793,0,mid 0.5-1.5m,unknown,unknown,unknown,Hector,live_20260727-204031,2026-07-27T18:44:05.148482+00:00
-1.3089237482353688,0.0658740358301565,0.1115777790546417,0,mid 0.5-1.5m,unknown,unknown,unknown,Hector,live_20260727-204031,2026-07-27T18:44:05.985703+00:00
-0.5899099022225509,0.1697982965308983,0.1126079559326171,0,mid 0.5-1.5m,unknown,unknown,unknown,Hector,live_20260727-204031,2026-07-27T18:44:07.827482+00:00
-0.8235201103304098,0.2705350616078432,0.0868406295776367,0,far 1.5-3.5m,unknown,unknown,unknown,Hector,live_20260727-204031,2026-07-27T18:44:09.128148+00:00
-1.4875421356367364,0.1780773648218013,0.0652029514312744,0,far 1.5-3.5m,unknown,unknown,unknown,Hector,live_20260727-204031,2026-07-27T18:44:10.428416+00:00
-0.6023087302397496,0.2745342141549268,0.1563506126403808,0,mid 0.5-1.5m,unknown,unknown,unknown,Hector,live_20260727-204031,2026-07-27T18:44:10.811283+00:00
-1.4434372421968154,0.0591059687401937,0.0693567991256713,0,far 1.5-3.5m,unknown,unknown,unknown,Hector,live_20260727-204031,2026-07-27T18:44:12.101005+00:00
-1.358299485099846,0.074868348687812,0.0652518272399902,0,far 1.5-3.5m,unknown,unknown,unknown,Hector,live_20260727-204031,2026-07-27T18:44:12.495952+00:00
-1.0129904749171126,0.1607043698123259,0.122951328754425,0,mid 0.5-1.5m,unknown,unknown,unknown,Alvaro,live_20260727-204544,2026-07-27T18:49:01.006844+00:00
-0.3303687344795734,0.3492152242133419,0.1492671966552734,0,mid 0.5-1.5m,unknown,unknown,unknown,Alvaro,live_20260727-204544,2026-07-27T18:49:01.434731+00:00
-0.5686525378776573,0.1340771423898151,0.1347262263298034,0,mid 0.5-1.5m,unknown,unknown,unknown,Alvaro,live_20260727-204544,2026-07-27T18:49:03.350530+00:00
-0.0534366407164485,0.1451218351106972,0.1713622510433197,1,mid 0.5-1.5m,unknown,unknown,unknown,Alvaro,live_20260727-204544,2026-07-27T18:49:04.524358+00:00
-0.285453353145444,0.2131842402995376,0.1659709811210632,0,mid 0.5-1.5m,unknown,unknown,unknown,Alvaro,live_20260727-204544,2026-07-27T18:49:06.109017+00:00
-0.5520067231615358,0.2581730892853954,0.133168488740921,0,mid 0.5-1.5m,unknown,unknown,unknown,Alvaro,live_20260727-204544,2026-07-27T18:49:06.343537+00:00
-0.6101220314490068,0.1449713843085616,0.1506308913230896,0,mid 0.5-1.5m,unknown,unknown,unknown,Alvaro,live_20260727-204544,2026-07-27T18:49:07.606596+00:00
-0.3120827511376476,0.2418798841374316,0.152634859085083,0,mid 0.5-1.5m,unknown,unknown,unknown,Alvaro,live_20260727-204544,2026-07-27T18:49:08.275757+00:00
-0.5503473556353273,0.2889780279171616,0.1431992650032043,0,mid 0.5-1.5m,unknown,unknown,unknown,Alvaro,live_20260727-204544,2026-07-27T18:49:09.407861+00:00
0.2599919738208005,0.1018869587696085,0.1375491023063659,0,mid 0.5-1.5m,unknown,unknown,unknown,Alvaro,live_20260727-204544,2026-07-27T18:49:09.604941+00:00
-0.391462783174981,0.2766033430328392,0.1337001323699951,0,mid 0.5-1.5m,unknown,unknown,unknown,Alvaro,live_20260727-204544,2026-07-27T18:49:11.174834+00:00
-0.1115021973274737,0.2277936515931224,0.1556028127670288,0,mid 0.5-1.5m,unknown,unknown,unknown,Alvaro,live_20260727-204544,2026-07-27T18:49:12.664109+00:00
-1.0553734052466528,0.1706028085661476,0.1054166555404663,0,mid 0.5-1.5m,unknown,unknown,unknown,Alvaro,live_20260727-204544,2026-07-27T18:49:12.963894+00:00
-0.6477093083630161,0.1176843690648925,0.1081072688102722,0,mid 0.5-1.5m,unknown,unknown,unknown,Alvaro,live_20260727-204544,2026-07-27T18:49:14.328315+00:00
-0.909656763138596,0.1721592147823725,0.0909118950366973,0,far 1.5-3.5m,unknown,unknown,unknown,Alvaro,live_20260727-204544,2026-07-27T18:49:14.848436+00:00
0.0886420398613371,0.2318572383596323,0.1734926700592041,1,mid 0.5-1.5m,unknown,unknown,unknown,Alvaro,live_20260727-204544,2026-07-27T18:49:17.232080+00:00
0.0762520849431142,0.2144613781481571,0.1198043823242187,0,mid 0.5-1.5m,unknown,unknown,unknown,Alvaro,live_20260727-204544,2026-07-27T18:49:17.908701+00:00
-1.4369209619018548,0.1153392825931757,0.060737669467926,0,far 1.5-3.5m,unknown,unknown,unknown,Alvaro,live_20260727-204544,2026-07-27T18:49:23.266592+00:00
-0.2550863170621934,0.1236844553438971,0.134664237499237,1,mid 0.5-1.5m,unknown,unknown,unknown,Alvaro,live_20260727-204544,2026-07-27T18:49:25.510053+00:00
-0.2750020993368822,0.030915954353303,0.1481353789567947,0,mid 0.5-1.5m,unknown,unknown,unknown,Alvaro,live_20260727-204544,2026-07-27T18:49:28.696843+00:00
-0.3783685636864196,0.34962573370186,0.1354730725288391,0,mid 0.5-1.5m,unknown,unknown,unknown,Hector,live_20260727-205818,2026-07-27T19:03:20.368888+00:00
-0.1309538450942098,0.2139386398903108,0.1952842772006988,0,mid 0.5-1.5m,unknown,unknown,unknown,Hector,live_20260727-205818,2026-07-27T19:03:20.682243+00:00
0.0495589865055199,0.1476579085003898,0.1578571200370788,0,mid 0.5-1.5m,unknown,unknown,unknown,Hector,live_20260727-205818,2026-07-27T19:03:21.928936+00:00
-0.5088768254751962,0.1794071878799703,0.1468656063079834,0,mid 0.5-1.5m,unknown,unknown,unknown,Hector,live_20260727-205818,2026-07-27T19:03:24.057183+00:00
-2.035442891004001,-0.0166728011638409,0.0671277046203613,0,far 1.5-3.5m,unknown,unknown,unknown,Hector,live_20260727-205818,2026-07-27T19:03:24.999497+00:00
-0.6542800832932195,0.1084144408858123,0.1043071150779724,0,mid 0.5-1.5m,unknown,unknown,unknown,Hector,live_20260727-205818,2026-07-27T19:03:26.229057+00:00
-0.947209684119086,0.1247412421410763,0.1243265867233276,0,mid 0.5-1.5m,unknown,unknown,unknown,Hector,live_20260727-205818,2026-07-27T19:03:27.044515+00:00
-0.6448255011259798,0.1769509044501655,0.1135888695716857,0,mid 0.5-1.5m,unknown,unknown,unknown,Hector,live_20260727-205818,2026-07-27T19:03:27.280414+00:00
-0.8062625369207568,0.3051369624360645,0.1237078011035919,0,mid 0.5-1.5m,unknown,unknown,unknown,Hector,live_20260727-205818,2026-07-27T19:03:28.676734+00:00
-1.5150634665422948,0.2328834185972375,0.0955129861831665,0,far 1.5-3.5m,unknown,unknown,unknown,Hector,live_20260727-205818,2026-07-27T19:03:28.981555+00:00
0.2204724684613773,0.2004233360616781,0.1618277728557586,1,mid 0.5-1.5m,unknown,unknown,unknown,Hector,live_20260727-205818,2026-07-27T19:03:32.064172+00:00
-0.649509698548652,0.2960374416899164,0.128189355134964,0,mid 0.5-1.5m,unknown,unknown,unknown,Hector,live_20260727-205818,2026-07-27T19:03:32.179172+00:00
-0.8349469470069496,0.0646272942893823,0.1042158305644989,0,mid 0.5-1.5m,unknown,unknown,unknown,Hector,live_20260727-205818,2026-07-27T19:03:33.681280+00:00
-0.4577717380715312,0.3038303255729405,0.1422216892242431,0,mid 0.5-1.5m,unknown,unknown,unknown,Hector,live_20260727-205818,2026-07-27T19:03:33.871410+00:00
-0.5089339102463747,0.1935342012709065,0.1365333795547485,0,mid 0.5-1.5m,unknown,unknown,unknown,Hector,live_20260727-205818,2026-07-27T19:03:34.943111+00:00
-0.5695490942835715,0.1440648059898607,0.1525954008102417,0,mid 0.5-1.5m,unknown,unknown,unknown,Hector,live_20260727-205818,2026-07-27T19:03:35.083835+00:00
0.0379955257372238,0.20443509509724,0.1544708609580993,1,mid 0.5-1.5m,unknown,unknown,unknown,Hector,live_20260727-205818,2026-07-27T19:03:37.089990+00:00
-0.4907510101074885,0.1283106626869121,0.1362242698669433,0,mid 0.5-1.5m,unknown,unknown,unknown,Hector,live_20260727-205818,2026-07-27T19:03:42.928812+00:00
-0.4061651819646483,0.2983091698949275,0.1719408929347992,0,mid 0.5-1.5m,unknown,unknown,unknown,Hector,live_20260727-205818,2026-07-27T19:03:43.128089+00:00
0.1265722645935723,0.2481472171606709,0.1692992746829986,1,mid 0.5-1.5m,unknown,unknown,unknown,Hector,live_20260727-205818,2026-07-27T19:03:44.871832+00:00
0.1241140516751201,0.1361844952498134,0.1561110317707061,0,mid 0.5-1.5m,unknown,unknown,unknown,Hector,live_20260727-205818,2026-07-27T19:03:47.847788+00:00
-0.6748678107078533,-0.0641684719916268,0.1235013604164123,0,mid 0.5-1.5m,unknown,unknown,unknown,Hector,live_20260727-205818,2026-07-27T19:03:51.625729+00:00
-0.6563633636502613,0.1775749833711787,0.1186480820178985,0,mid 0.5-1.5m,unknown,unknown,unknown,Hector,live_20260727-205818,2026-07-27T19:03:53.969012+00:00
-0.6187737241832888,-0.0329485173174567,0.1146281361579895,0,mid 0.5-1.5m,unknown,unknown,unknown,Hector,live_20260727-205818,2026-07-27T19:03:54.133902+00:00
-1.3439043028268916,-0.0498252163974748,0.0676840841770172,0,far 1.5-3.5m,unknown,unknown,unknown,Hector,live_20260727-205818,2026-07-27T19:03:55.953008+00:00
-0.927572509783793,0.0113771906843995,0.0973113179206848,0,far 1.5-3.5m,unknown,unknown,unknown,Hector,live_20260727-205818,2026-07-27T19:03:56.186262+00:00
-0.0556536233105069,0.1086809231783625,0.1550268530845642,1,mid 0.5-1.5m,unknown,unknown,unknown,Hector,live_20260727-205818,2026-07-27T19:04:00.110820+00:00
-0.7799370968182114,0.2402755133985506,0.1259168982505798,0,mid 0.5-1.5m,unknown,unknown,unknown,Hector,live_20260727-205818,2026-07-27T19:04:02.589878+00:00
-0.1296682205783281,0.0884964088313755,0.1664803624153137,0,mid 0.5-1.5m,unknown,unknown,unknown,Hector,live_20260727-205818,2026-07-27T19:04:03.949137+00:00
-1.4606132335614834,0.2430789077397016,0.0841373801231384,0,far 1.5-3.5m,unknown,unknown,unknown,Hector,live_20260727-205818,2026-07-27T19:04:06.270645+00:00
-0.9186574460087688,0.0250120268969879,0.102560818195343,0,mid 0.5-1.5m,unknown,unknown,unknown,Hector,live_20260727-205818,2026-07-27T19:04:06.701392+00:00
-0.819247837752031,0.0181646781127698,0.1235978603363037,0,mid 0.5-1.5m,unknown,unknown,unknown,Hector,live_20260727-205818,2026-07-27T19:04:14.550928+00:00
-0.6205680941575608,0.05533053151712,0.1330042481422424,0,mid 0.5-1.5m,unknown,unknown,unknown,Hector,live_20260727-205818,2026-07-27T19:04:16.270381+00:00
-0.0504457132414119,0.1034431407129375,0.1608760952949524,1,mid 0.5-1.5m,unknown,unknown,unknown,Hector,live_20260727-205818,2026-07-27T19:04:18.631978+00:00
-1.2503020971601717,0.4125578001582563,0.0928849577903747,0,far 1.5-3.5m,unknown,unknown,unknown,Hector,live_20260727-205818,2026-07-27T19:04:20.580422+00:00
-0.5864009631202555,0.0453556593257347,0.1116085648536682,0,mid 0.5-1.5m,unknown,unknown,unknown,Hector,live_20260727-205818,2026-07-27T19:04:21.195010+00:00
-0.4609494013435263,0.3470336374552831,0.1535772681236267,0,mid 0.5-1.5m,unknown,unknown,unknown,Hector,live_20260727-211017,2026-07-27T19:17:33.525369+00:00
-0.5118580700407819,0.2410082681171197,0.1422194838523864,0,mid 0.5-1.5m,unknown,unknown,unknown,Hector,live_20260727-211017,2026-07-27T19:17:33.681723+00:00
-0.2496350537128148,0.3490766184686089,0.164743423461914,0,mid 0.5-1.5m,unknown,unknown,unknown,Hector,live_20260727-211017,2026-07-27T19:17:35.082979+00:00
-0.2898678308994414,0.19916493902018,0.1634068489074707,0,mid 0.5-1.5m,unknown,unknown,unknown,Hector,live_20260727-211017,2026-07-27T19:17:35.289724+00:00
-0.2521566265613509,0.2148360287558857,0.1771249771118164,0,mid 0.5-1.5m,unknown,unknown,unknown,Hector,live_20260727-211017,2026-07-27T19:17:36.124000+00:00
-0.4004689218589331,0.2089506967945461,0.1592664122581482,0,mid 0.5-1.5m,unknown,unknown,unknown,Hector,live_20260727-211017,2026-07-27T19:17:36.340014+00:00
-0.4538946983569716,0.2757501102357892,0.1368378400802612,1,mid 0.5-1.5m,unknown,unknown,unknown,Hector,live_20260727-211017,2026-07-27T19:17:38.067131+00:00
-0.4113372470762051,0.1035699138849638,0.1583607792854309,0,mid 0.5-1.5m,unknown,unknown,unknown,Hector,live_20260727-211017,2026-07-27T19:17:47.970547+00:00
-0.3068529485023145,0.4119254133762888,0.1481990814208984,0,mid 0.5-1.5m,unknown,unknown,unknown,Hector,live_20260727-211017,2026-07-27T19:17:49.249773+00:00
-0.4157134000270577,0.1222994693956562,0.1522040963172912,0,mid 0.5-1.5m,unknown,unknown,unknown,Hector,live_20260727-211017,2026-07-27T19:17:49.410263+00:00
-0.2629655194249458,0.3082276296470355,0.166558027267456,0,mid 0.5-1.5m,unknown,unknown,unknown,Hector,live_20260727-211017,2026-07-27T19:18:27.414171+00:00
-0.3723371338757242,0.3373152751660108,0.1512573957443237,0,mid 0.5-1.5m,unknown,unknown,unknown,Hector,live_20260727-211017,2026-07-27T19:18:28.178222+00:00
-0.412216558252032,0.3173526351849081,0.1425844430923462,0,mid 0.5-1.5m,unknown,unknown,unknown,Hector,live_20260727-211017,2026-07-27T19:18:28.840301+00:00
-0.567265817712726,0.3959172265940633,0.131669133901596,0,mid 0.5-1.5m,unknown,unknown,unknown,Hector,live_20260727-211017,2026-07-27T19:18:30.477185+00:00
-0.5026603361400216,0.4036663300986606,0.1292667388916015,0,mid 0.5-1.5m,unknown,unknown,unknown,Hector,live_20260727-211017,2026-07-27T19:19:37.538211+00:00
-0.520217266686727,0.3351846562979646,0.1369257569313049,0,mid 0.5-1.5m,unknown,unknown,unknown,Hector,live_20260727-211017,2026-07-27T19:19:38.675758+00:00
-0.5053511278388501,0.3348385255812733,0.1205377578735351,0,mid 0.5-1.5m,unknown,unknown,unknown,Hector,live_20260727-211017,2026-07-27T19:19:38.832087+00:00
-0.3589488453789274,0.3718920953381706,0.1597664058208465,0,mid 0.5-1.5m,unknown,unknown,unknown,Hector,live_20260727-211017,2026-07-27T19:19:39.856776+00:00
0.1763396018533411,0.2671789424550371,0.1542813777923584,0,mid 0.5-1.5m,unknown,unknown,unknown,Hector,live_20260727-211017,2026-07-27T19:19:40.017603+00:00
-0.4584827509163994,0.3237535394172584,0.1333515346050262,0,mid 0.5-1.5m,unknown,unknown,unknown,Hector,live_20260727-211017,2026-07-27T19:19:41.437278+00:00
0.0119384929679864,0.1421155991319216,0.1148622632026672,0,mid 0.5-1.5m,unknown,unknown,unknown,Hector,live_20260727-211017,2026-07-27T19:19:41.555261+00:00
-0.5481569244592442,0.3168560711419269,0.1309743523597717,0,mid 0.5-1.5m,unknown,unknown,unknown,Hector,live_20260727-211017,2026-07-27T19:19:42.597970+00:00
0.1869200333547554,0.1462158986046007,0.1419267952442169,0,mid 0.5-1.5m,unknown,unknown,unknown,Hector,live_20260727-211017,2026-07-27T19:19:42.757141+00:00
-0.4229214233400283,0.3575620617232948,0.1369815468788147,0,mid 0.5-1.5m,unknown,unknown,unknown,Hector,live_20260727-211017,2026-07-27T19:19:43.855200+00:00
0.2003149645641682,0.4444977896725559,0.1416742801666259,0,mid 0.5-1.5m,unknown,unknown,unknown,Hector,live_20260727-211017,2026-07-27T19:19:43.991737+00:00
-1.408376415472381,0.335612458153085,0.0792125463485717,0,far 1.5-3.5m,unknown,unknown,unknown,Hector,live_20260727-211017,2026-07-27T19:19:46.224201+00:00
0.101936440394953,0.2229926164033371,0.1490174233913421,1,mid 0.5-1.5m,unknown,unknown,unknown,Hector,live_20260727-211017,2026-07-27T19:19:47.118064+00:00
0.0330031247484492,0.2134558475201184,0.1411894857883453,0,mid 0.5-1.5m,unknown,unknown,unknown,Hector,live_20260727-211017,2026-07-27T19:19:50.491209+00:00
-0.4836318517584562,0.2810772940100032,0.1416584849357605,0,mid 0.5-1.5m,unknown,unknown,unknown,Hector,live_20260727-211017,2026-07-27T19:19:51.780624+00:00
-0.201128906777947,0.2102699082179375,0.1327105164527893,0,mid 0.5-1.5m,unknown,unknown,unknown,Hector,live_20260727-211017,2026-07-27T19:19:52.241537+00:00
-0.4233164488568011,0.3585212459064509,0.1392891705036163,0,mid 0.5-1.5m,unknown,unknown,unknown,Hector,live_20260727-211017,2026-07-27T19:19:53.399893+00:00
0.1561656828128964,0.2460320010033137,0.1458849906921386,0,mid 0.5-1.5m,unknown,unknown,unknown,Hector,live_20260727-211017,2026-07-27T19:19:53.633848+00:00
-0.4365233240863571,0.3404911007105318,0.1408382058143615,0,mid 0.5-1.5m,unknown,unknown,unknown,Hector,live_20260727-211017,2026-07-27T19:19:54.782150+00:00
0.1488594219602056,0.3325599725634454,0.1465778052806854,0,mid 0.5-1.5m,unknown,unknown,unknown,Hector,live_20260727-211017,2026-07-27T19:19:54.957368+00:00
-0.4167268201216566,0.4391893100173882,0.1349327564239502,0,mid 0.5-1.5m,unknown,unknown,unknown,Hector,live_20260727-211017,2026-07-27T19:19:55.998424+00:00
0.1339441042143663,0.3883929538982586,0.1544124186038971,0,mid 0.5-1.5m,unknown,unknown,unknown,Hector,live_20260727-211017,2026-07-27T19:19:56.168738+00:00
-0.3061380905121113,0.3989720911978422,0.1517911553382873,0,mid 0.5-1.5m,unknown,unknown,unknown,Hector,live_20260727-211017,2026-07-27T19:19:57.410002+00:00
0.250968545876575,0.3351790725054459,0.1275524795055389,0,mid 0.5-1.5m,unknown,unknown,unknown,Hector,live_20260727-211017,2026-07-27T19:19:57.789677+00:00
-0.2852424587214061,0.4265807077454882,0.1487774848937988,0,mid 0.5-1.5m,unknown,unknown,unknown,Hector,live_20260727-211017,2026-07-27T19:19:58.477535+00:00
0.1380912613150003,0.4369389242277868,0.1372148990631103,0,mid 0.5-1.5m,unknown,unknown,unknown,Hector,live_20260727-211017,2026-07-27T19:19:58.760849+00:00
-0.4528064888071401,0.3801298164885752,0.1354235708713531,0,mid 0.5-1.5m,unknown,unknown,unknown,Hector,live_20260727-211017,2026-07-27T19:19:59.357492+00:00
0.0424656967986877,0.3884417543502158,0.1356747150421142,0,mid 0.5-1.5m,unknown,unknown,unknown,Hector,live_20260727-211017,2026-07-27T19:19:59.600983+00:00
-0.3639697333373438,0.3870918700892859,0.1401964426040649,0,mid 0.5-1.5m,unknown,unknown,unknown,Hector,live_20260727-211017,2026-07-27T19:20:00.207845+00:00
0.2581638268020874,0.3362385504094019,0.1294263303279876,0,mid 0.5-1.5m,unknown,unknown,unknown,Hector,live_20260727-211017,2026-07-27T19:20:00.597936+00:00
-0.5872411551071067,0.3067178618273812,0.1247746646404266,0,mid 0.5-1.5m,unknown,unknown,unknown,Hector,live_20260727-211017,2026-07-27T19:20:01.215679+00:00
0.2126729093877525,0.3398369188010783,0.1345924735069275,0,mid 0.5-1.5m,unknown,unknown,unknown,Hector,live_20260727-211017,2026-07-27T19:20:01.542732+00:00
-0.4456454358826777,0.3231108625871884,0.1345992088317871,0,mid 0.5-1.5m,unknown,unknown,unknown,Hector,live_20260727-211017,2026-07-27T19:20:02.572676+00:00
0.2180231778247706,0.3605955310173671,0.1328376829624176,0,mid 0.5-1.5m,unknown,unknown,unknown,Hector,live_20260727-211017,2026-07-27T19:20:02.837382+00:00
-0.4295442951806985,0.3711795618665134,0.1256525814533233,0,mid 0.5-1.5m,unknown,unknown,unknown,Hector,live_20260727-211017,2026-07-27T19:20:03.811028+00:00
0.317851586938606,0.2725105037820082,0.1332643628120422,0,mid 0.5-1.5m,unknown,unknown,unknown,Hector,live_20260727-211017,2026-07-27T19:20:04.103038+00:00
-0.5802439620681951,0.2549589492778055,0.1375041604042053,0,mid 0.5-1.5m,unknown,unknown,unknown,Hector,live_20260727-211017,2026-07-27T19:20:09.537166+00:00
0.0990195967630496,0.1266499011650436,0.1450266242027282,0,mid 0.5-1.5m,unknown,unknown,unknown,Hector,live_20260727-211017,2026-07-27T19:20:09.732831+00:00
0.1186955363070295,0.0733015756790606,0.139269083738327,0,mid 0.5-1.5m,unknown,unknown,unknown,Hector,live_20260727-211017,2026-07-27T19:20:11.866673+00:00
-0.6303112025161095,0.2522841901891229,0.1363742351531982,0,mid 0.5-1.5m,unknown,unknown,unknown,Hector,live_20260727-211017,2026-07-27T19:20:13.038551+00:00
-0.4559870557013551,0.1699905513011927,0.138022243976593,0,mid 0.5-1.5m,unknown,unknown,unknown,Hector,live_20260727-211017,2026-07-27T19:20:13.246459+00:00
-0.3325438196467743,0.3269801562646435,0.15735724568367,0,mid 0.5-1.5m,unknown,unknown,unknown,Hector,live_20260727-211017,2026-07-27T19:20:14.722739+00:00
-0.0945512767935609,0.1500726125458024,0.1427191495895385,1,mid 0.5-1.5m,unknown,unknown,unknown,Hector,live_20260727-211017,2026-07-27T19:20:15.068505+00:00
-0.4594043265808813,0.12118638672958,0.1453997492790222,0,mid 0.5-1.5m,unknown,unknown,unknown,Hector,live_20260727-211017,2026-07-27T19:20:16.704392+00:00
-0.122900276528527,0.1250722472510326,0.1762790977954864,0,mid 0.5-1.5m,unknown,unknown,unknown,Hector,live_20260727-211017,2026-07-27T19:22:39.904104+00:00
0.0512324838673466,0.2728719391227034,0.1494108736515045,0,mid 0.5-1.5m,unknown,unknown,unknown,Hector,live_20260727-211017,2026-07-27T19:22:40.085575+00:00
0.4439160691246491,0.1339325925766335,0.1211053729057312,0,mid 0.5-1.5m,unknown,unknown,unknown,Hector,live_20260727-212706,2026-07-27T19:32:06.875194+00:00
-0.9613741007009882,-1.3276878928818063,0.050036072731018,0,far 1.5-3.5m,unknown,unknown,unknown,Hector,live_20260727-212706,2026-07-27T19:32:20.115435+00:00
0.3757001288384062,0.179536882536282,0.1685817241668701,0,mid 0.5-1.5m,unknown,unknown,unknown,Hector,live_20260727-212706,2026-07-27T19:32:25.885114+00:00
0.4569825571273659,0.1033165096468411,0.1468612551689148,0,mid 0.5-1.5m,unknown,unknown,unknown,Hector,live_20260727-215259,2026-07-27T19:59:04.133627+00:00
0.8119160980520221,0.1432670045445913,0.1920757293701172,0,mid 0.5-1.5m,unknown,unknown,unknown,Hector,live_20260727-215259,2026-07-27T19:59:04.757917+00:00
0.7120395225992505,0.2498462171682703,0.18880695104599,0,mid 0.5-1.5m,unknown,unknown,unknown,Hector,live_20260727-215259,2026-07-27T19:59:05.804766+00:00
0.7495851488975084,-0.0071902305858424,0.2146826088428497,0,mid 0.5-1.5m,unknown,unknown,unknown,Hector,live_20260727-215259,2026-07-27T19:59:40.206697+00:00
0.7578660532121099,0.1012282232921706,0.1049044132232666,0,mid 0.5-1.5m,unknown,unknown,unknown,Hector,live_20260727-215259,2026-07-27T20:00:07.948256+00:00
1.1370838760479096,0.099452666450665,0.0720032155513763,0,far 1.5-3.5m,unknown,unknown,unknown,Hector,live_20260727-215259,2026-07-27T20:01:22.992515+00:00
0.7268645142830793,0.1832307432517524,0.1108793020248413,0,mid 0.5-1.5m,unknown,unknown,unknown,Hector,live_20260727-215259,2026-07-27T20:01:25.492287+00:00
-0.3863989422726727,0.1303761298108662,0.1951737403869629,0,mid 0.5-1.5m,unknown,unknown,unknown,Hector,live_20260727-224901,2026-07-27T20:56:25.866305+00:00
-0.442041981604998,0.1881683528518719,0.1937087774276733,0,mid 0.5-1.5m,unknown,unknown,unknown,Hector,live_20260727-224901,2026-07-27T20:56:27.648773+00:00
-0.5709540132553425,0.1707379579037472,0.1311097145080566,0,mid 0.5-1.5m,unknown,unknown,unknown,Hector,live_20260727-224901,2026-07-27T20:57:08.703499+00:00
0.4686247458535907,0.1174763941190975,0.0924446061253547,0,far 1.5-3.5m,unknown,unknown,unknown,Hector,live_20260727-224901,2026-07-27T20:57:09.114143+00:00
-0.1973888206504271,0.2884585489389673,0.2662853002548218,0,near <0.5m,unknown,unknown,unknown,Hector,live_20260727-224901,2026-07-27T20:57:09.346125+00:00
0.7127126845248541,0.1663197821201373,0.0896986722946167,0,far 1.5-3.5m,unknown,unknown,unknown,Hector,live_20260727-224901,2026-07-27T20:57:09.564417+00:00
-0.2948355951259584,0.1093086750650776,0.2330463528633117,0,mid 0.5-1.5m,unknown,unknown,unknown,Hector,live_20260727-224901,2026-07-27T20:57:14.121889+00:00
-0.1023722197937673,0.1676385461636884,0.1146424412727356,0,mid 0.5-1.5m,unknown,unknown,unknown,Hector,live_20260727-224901,2026-07-27T20:57:19.538436+00:00
-0.4200188819402727,-0.206433625325395,0.1348329782485962,0,mid 0.5-1.5m,unknown,unknown,unknown,Hector,live_20260727-224901,2026-07-27T20:57:21.934115+00:00
-0.484734598647192,0.0729195898585771,0.2122483849525451,0,mid 0.5-1.5m,unknown,unknown,unknown,Hector,live_20260727-224901,2026-07-27T20:57:22.104089+00:00
-0.3751866677660119,0.1248237808474717,0.2269344329833984,0,mid 0.5-1.5m,unknown,unknown,unknown,Hector,live_20260727-224901,2026-07-27T20:57:23.922521+00:00
-0.3328050078853723,0.1020060385276646,0.2266796827316284,0,mid 0.5-1.5m,unknown,unknown,unknown,Hector,live_20260727-224901,2026-07-27T20:57:29.595687+00:00
0.131872721586832,0.1836560750746305,0.2539038062095642,0,near <0.5m,unknown,unknown,unknown,Hector,live_20260727-224901,2026-07-27T20:57:32.163844+00:00
2.139007629093298,1.9652510713639448,0.0631384849548339,0,far 1.5-3.5m,unknown,unknown,unknown,Hector,live_20260727-224901,2026-07-27T20:57:34.939708+00:00
-0.7544668330917638,0.2166299456941434,0.1107916831970214,0,mid 0.5-1.5m,unknown,unknown,unknown,Hector,live_20260727-224901,2026-07-27T20:57:46.253040+00:00
-0.3684038579494922,0.1894943459121235,0.1042555570602417,0,mid 0.5-1.5m,unknown,unknown,unknown,Hector,live_20260727-224901,2026-07-27T20:57:59.152498+00:00
-0.3998967404818439,0.1822790279936572,0.1270827949047088,0,mid 0.5-1.5m,unknown,unknown,unknown,Hector,live_20260727-230151,2026-07-27T21:18:32.218463+00:00
-0.704726635725598,0.0598203142635716,0.1398869007825851,0,mid 0.5-1.5m,unknown,unknown,unknown,Hector,live_20260727-230151,2026-07-27T21:18:32.381928+00:00
-0.4687567222859434,0.0834131642556969,0.1445935666561126,1,mid 0.5-1.5m,unknown,unknown,unknown,Hector,live_20260727-230151,2026-07-27T21:18:34.278813+00:00
0.0852191088133,0.0942583083473712,0.2042050957679748,1,mid 0.5-1.5m,unknown,unknown,unknown,Hector,live_20260727-234237,2026-07-27T21:44:10.854817+00:00
0.0284452723947785,0.1370473417252768,0.1911663115024566,1,mid 0.5-1.5m,unknown,unknown,unknown,Hector,live_20260727-234237,2026-07-27T21:44:16.514728+00:00
-0.0310132586810515,0.1801357811146403,0.2130074799060821,1,mid 0.5-1.5m,unknown,unknown,unknown,Hector,live_20260727-234237,2026-07-27T21:44:17.912949+00:00
0.1213151792501384,0.0765965573332494,0.1961312294006347,1,mid 0.5-1.5m,unknown,unknown,unknown,Hector,live_20260727-234237,2026-07-27T21:44:19.208940+00:00
0.1995673773169788,0.0738665007631455,0.1941317915916443,1,mid 0.5-1.5m,unknown,unknown,unknown,Hector,live_20260727-234237,2026-07-27T21:44:24.154113+00:00
-0.0919663577656494,0.217193540789639,0.1340677738189697,1,mid 0.5-1.5m,unknown,unknown,unknown,Hector,live_20260728-200208,2026-07-28T18:05:21.864950+00:00
0.1009255150997134,0.2546218839900517,0.1276154071092605,0,mid 0.5-1.5m,unknown,unknown,unknown,Hector,live_20260728-200208,2026-07-28T18:05:22.864137+00:00
-0.1704943554203659,0.4304438810179904,0.1237474083900451,0,mid 0.5-1.5m,unknown,unknown,unknown,Hector,live_20260728-200208,2026-07-28T18:05:23.979447+00:00
0.2960647918515264,1.817281920039214,0.0949680805206298,0,far 1.5-3.5m,unknown,unknown,unknown,Hector,live_20260728-200208,2026-07-28T18:05:25.101118+00:00
-0.0899101929270766,0.3291475814510942,0.1758885085582733,0,mid 0.5-1.5m,unknown,unknown,unknown,Hector,live_20260728-200208,2026-07-28T18:05:25.990184+00:00
-0.2698776798594637,0.3655178213198168,0.1547067165374755,0,mid 0.5-1.5m,unknown,unknown,unknown,Hector,live_20260728-200208,2026-07-28T18:05:29.246964+00:00
-0.1616383637860284,0.4058096593932576,0.1510044932365417,0,mid 0.5-1.5m,unknown,unknown,unknown,Hector,live_20260728-200208,2026-07-28T18:05:29.909999+00:00
-0.1760259589107563,0.4369029901603726,0.1905288100242614,0,mid 0.5-1.5m,unknown,unknown,unknown,Hector,live_20260728-200208,2026-07-28T18:05:31.143583+00:00
-0.1643980538354704,0.2640971382200176,0.1934549808502197,1,mid 0.5-1.5m,unknown,unknown,unknown,Hector,live_20260728-200208,2026-07-28T18:05:32.250076+00:00
-0.0178139626465801,0.24250048108876,0.1222424805164337,0,mid 0.5-1.5m,unknown,unknown,unknown,Hector,live_20260728-200208,2026-07-28T18:05:35.935616+00:00
0.2351135200612931,0.1486361331182383,0.1526451706886291,1,mid 0.5-1.5m,unknown,unknown,unknown,Hector,live_20260728-200208,2026-07-28T18:05:37.846685+00:00
-0.6110047816759114,0.2262099644657878,0.11835777759552,0,mid 0.5-1.5m,unknown,unknown,unknown,Hector,live_20260728-232624_15f6bf,2026-07-28T21:32:19.181917+00:00
-0.6291527698161663,0.2560487390379378,0.1100202202796936,0,mid 0.5-1.5m,unknown,unknown,unknown,Hector,live_20260728-232624_15f6bf,2026-07-28T21:32:20.031400+00:00
-0.605468888029483,0.277039776741077,0.1155992150306701,0,mid 0.5-1.5m,unknown,unknown,unknown,Hector,live_20260728-232624_15f6bf,2026-07-28T21:32:20.614980+00:00
-0.5024162241258836,0.2778655661172213,0.1272542476654052,0,mid 0.5-1.5m,unknown,unknown,unknown,Hector,live_20260728-232624_15f6bf,2026-07-28T21:32:21.081037+00:00
-0.547937046624858,0.2897453389320952,0.118147075176239,0,mid 0.5-1.5m,unknown,unknown,unknown,Hector,live_20260728-232624_15f6bf,2026-07-28T21:32:21.551097+00:00
-0.7123850886451355,0.301347469906826,0.1052713394165039,0,mid 0.5-1.5m,unknown,unknown,unknown,Hector,live_20260728-232624_15f6bf,2026-07-28T21:32:21.898506+00:00
-0.5609064245959106,0.0531390837975774,0.12320476770401,0,mid 0.5-1.5m,unknown,unknown,unknown,Hector,live_20260728-232624_15f6bf,2026-07-28T21:32:23.613732+00:00
-0.5151781422402202,0.3387176502297755,0.1168612241744995,0,mid 0.5-1.5m,unknown,unknown,unknown,Hector,live_20260728-232624_15f6bf,2026-07-28T21:32:25.345191+00:00
-0.472852161689024,0.3430520915768584,0.1196292042732238,0,mid 0.5-1.5m,unknown,unknown,unknown,Hector,live_20260728-232624_15f6bf,2026-07-28T21:32:25.819894+00:00
-0.4639998862955497,0.3399930131896426,0.1156538128852844,0,mid 0.5-1.5m,unknown,unknown,unknown,Hector,live_20260728-232624_15f6bf,2026-07-28T21:32:26.151421+00:00
-0.4996072287344489,0.3491732927203642,0.1146323084831237,0,mid 0.5-1.5m,unknown,unknown,unknown,Hector,live_20260728-232624_15f6bf,2026-07-28T21:32:26.510325+00:00
-2.000527935989036,0.2389105152131343,0.05401611328125,0,far 1.5-3.5m,unknown,unknown,unknown,Hector,live_20260728-232624_15f6bf,2026-07-28T21:32:26.828574+00:00
-0.5469644088255987,0.3173720391352118,0.1434626579284668,0,mid 0.5-1.5m,unknown,unknown,unknown,Hector,live_20260728-232624_15f6bf,2026-07-28T21:32:27.940589+00:00
-0.5377235119314118,0.1993304159997788,0.1445878148078918,0,mid 0.5-1.5m,unknown,unknown,unknown,Hector,live_20260728-232624_15f6bf,2026-07-28T21:32:28.436841+00:00
-0.8220026756535826,0.3146307724877429,0.100358247756958,0,mid 0.5-1.5m,unknown,unknown,unknown,Hector,live_20260728-232624_15f6bf,2026-07-28T21:32:28.838662+00:00
-0.6867111055191155,0.3334250933331912,0.103634238243103,0,mid 0.5-1.5m,unknown,unknown,unknown,Hector,live_20260728-232624_15f6bf,2026-07-28T21:32:29.299826+00:00
0.0266124926527893,0.0123086568689385,0.1917283535003662,1,mid 0.5-1.5m,unknown,unknown,unknown,unknown,unknown,unknown
0.0266013559232874,0.0183968287466607,0.1931855082511901,1,mid 0.5-1.5m,unknown,unknown,unknown,unknown,unknown,unknown
0.0288314665507977,0.0200842225627866,0.1930127143859863,1,mid 0.5-1.5m,unknown,unknown,unknown,unknown,unknown,unknown
0.0288123498867076,0.0074998208110939,0.1937241554260254,1,mid 0.5-1.5m,unknown,unknown,unknown,unknown,unknown,unknown
0.0252223290081826,0.0133502218355008,0.1948665678501129,1,mid 0.5-1.5m,unknown,unknown,unknown,unknown,unknown,unknown
0.0234718686577214,0.0082602913596749,0.1950121819972992,1,mid 0.5-1.5m,unknown,unknown,unknown,unknown,unknown,unknown
0.0313598114491183,0.0126838295999921,0.1946950554847717,1,mid 0.5-1.5m,unknown,unknown,unknown,unknown,unknown,unknown
0.0291414794265801,0.0082700821466441,0.1944032609462738,1,mid 0.5-1.5m,unknown,unknown,unknown,unknown,unknown,unknown
0.0245800248454024,0.0044569577739648,0.1964213252067566,1,mid 0.5-1.5m,unknown,unknown,unknown,unknown,unknown,unknown
0.0221487223095194,0.0084895795463571,0.1951542496681213,1,mid 0.5-1.5m,unknown,unknown,unknown,unknown,unknown,unknown
0.0283095028246474,0.0171318671543953,0.1943007111549377,1,mid 0.5-1.5m,unknown,unknown,unknown,unknown,unknown,unknown
0.0317587889240386,0.0072853423226015,0.1954134106636047,1,mid 0.5-1.5m,unknown,unknown,unknown,unknown,unknown,unknown
0.0288150559170257,-0.0003308348464671,0.1939210891723632,1,mid 0.5-1.5m,unknown,unknown,unknown,unknown,unknown,unknown
0.0293770018088895,0.0121098794856324,0.193082571029663,1,mid 0.5-1.5m,unknown,unknown,unknown,unknown,unknown,unknown
0.0264685889274945,0.0130358979983573,0.1937807202339172,1,mid 0.5-1.5m,unknown,unknown,unknown,unknown,unknown,unknown
0.0444233233655345,0.024544043974861,0.1893459856510162,1,mid 0.5-1.5m,unknown,unknown,unknown,unknown,unknown,unknown
0.0293674951351948,0.0064092334398375,0.1913772821426391,1,mid 0.5-1.5m,unknown,unknown,unknown,unknown,unknown,unknown
0.0301789337902098,0.0122929916295724,0.1922357082366943,1,mid 0.5-1.5m,unknown,unknown,unknown,unknown,unknown,unknown
0.0319274323163963,0.0129032788754474,0.1904318332672119,1,mid 0.5-1.5m,unknown,unknown,unknown,unknown,unknown,unknown
0.0284522645112781,0.0071863810534806,0.1904180645942688,1,mid 0.5-1.5m,unknown,unknown,unknown,unknown,unknown,unknown
0.0465249038052747,0.015496172913055,0.1934675574302673,1,mid 0.5-1.5m,unknown,unknown,unknown,unknown,unknown,unknown
0.028275149298473,0.004272522980552,0.1922685503959655,1,mid 0.5-1.5m,unknown,unknown,unknown,unknown,unknown,unknown
0.0381513026842209,0.0072920033010332,0.1946440935134887,1,mid 0.5-1.5m,unknown,unknown,unknown,unknown,unknown,unknown
0.0382220703737508,0.0145713072412821,0.192658394575119,1,mid 0.5-1.5m,unknown,unknown,unknown,unknown,unknown,unknown
0.0346686240198968,0.015833231239974,0.1924856305122375,1,mid 0.5-1.5m,unknown,unknown,unknown,unknown,unknown,unknown
0.04039098958253,0.0123037017776535,0.1949599981307983,1,mid 0.5-1.5m,unknown,unknown,unknown,unknown,unknown,unknown
0.0361717143162637,0.0074039773294345,0.1938128471374511,1,mid 0.5-1.5m,unknown,unknown,unknown,unknown,unknown,unknown
0.0374892136675782,0.0143478974225406,0.1949149668216705,1,mid 0.5-1.5m,unknown,unknown,unknown,unknown,unknown,unknown
0.0396144863297942,0.0055314104264301,0.1877432763576507,1,mid 0.5-1.5m,unknown,unknown,unknown,unknown,unknown,unknown
0.0397168477989638,0.0050639308604015,0.1924861073493957,1,mid 0.5-1.5m,unknown,unknown,unknown,unknown,unknown,unknown
0.0411599677981609,0.0160290924451235,0.192963033914566,1,mid 0.5-1.5m,unknown,unknown,unknown,unknown,unknown,unknown
0.0439544952133411,0.018337069081686,0.1916283369064331,1,mid 0.5-1.5m,unknown,unknown,unknown,unknown,unknown,unknown
0.0380453123786881,0.0146393723087257,0.1922582387924194,1,mid 0.5-1.5m,unknown,unknown,unknown,unknown,unknown,unknown
0.0260934908616008,0.005920519329345,0.1921046078205108,1,mid 0.5-1.5m,unknown,unknown,unknown,unknown,unknown,unknown
0.0390556353726315,0.0188192710891009,0.1894541382789611,1,mid 0.5-1.5m,unknown,unknown,unknown,unknown,unknown,unknown
0.0346539864552002,0.0265196688821349,0.188873678445816,1,mid 0.5-1.5m,unknown,unknown,unknown,unknown,unknown,unknown
0.0313409411244471,0.0164802411002842,0.1865217983722686,1,mid 0.5-1.5m,unknown,unknown,unknown,unknown,unknown,unknown
0.0243299692651996,0.0142307441771516,0.1884906589984893,1,mid 0.5-1.5m,unknown,unknown,unknown,unknown,unknown,unknown
0.030912838103532,0.0166062124362736,0.1891063451766967,1,mid 0.5-1.5m,unknown,unknown,unknown,unknown,unknown,unknown
0.0252221402609643,0.0339523191869801,0.1888708472251892,1,mid 0.5-1.5m,unknown,unknown,unknown,unknown,unknown,unknown
0.0295593961460344,0.025031315040467,0.1911723017692566,1,mid 0.5-1.5m,unknown,unknown,unknown,unknown,unknown,unknown
0.0338138849789762,0.024758694719099,0.1914254128932953,1,mid 0.5-1.5m,unknown,unknown,unknown,unknown,unknown,unknown
0.0280188864323719,0.0148779614939167,0.1829501986503601,1,mid 0.5-1.5m,unknown,unknown,unknown,unknown,unknown,unknown
0.0220058702090814,0.0057637221387341,0.18394336104393,1,mid 0.5-1.5m,unknown,unknown,unknown,unknown,unknown,unknown
0.0258411686637824,0.0132970218307415,0.1840378940105438,1,mid 0.5-1.5m,unknown,unknown,unknown,unknown,unknown,unknown
0.0335963514649334,0.019930883820967,0.1833497583866119,1,mid 0.5-1.5m,unknown,unknown,unknown,unknown,unknown,unknown
0.0255095829627866,0.0155426979695575,0.1818329393863678,1,mid 0.5-1.5m,unknown,unknown,unknown,unknown,unknown,unknown
0.024974111282614,0.0076492387237238,0.1805472373962402,1,mid 0.5-1.5m,unknown,unknown,unknown,unknown,unknown,unknown
0.0258746441779248,0.0070806971230864,0.2695032358169555,1,near <0.5m,unknown,unknown,unknown,unknown,unknown,unknown
0.0409555453466437,0.1365062575358086,0.2844514846801758,1,near <0.5m,unknown,unknown,unknown,unknown,unknown,unknown
0.0436282294610679,0.1103834952853026,0.2847480773925781,1,near <0.5m,unknown,unknown,unknown,unknown,unknown,unknown
0.0499666399170975,0.1028828638527269,0.2847352921962738,1,near <0.5m,unknown,unknown,unknown,unknown,unknown,unknown
0.0392812713223873,0.0972399620195895,0.2866621911525726,1,near <0.5m,unknown,unknown,unknown,unknown,unknown,unknown
0.0271518160636709,0.0955244342769005,0.2831668853759765,1,near <0.5m,unknown,unknown,unknown,unknown,unknown,unknown
0.0336559977018233,0.0955685091337932,0.2840973436832428,1,near <0.5m,unknown,unknown,unknown,unknown,unknown,unknown
0.0273060015749174,0.1111792562976708,0.2801873087882995,1,near <0.5m,unknown,unknown,unknown,unknown,unknown,unknown
0.0333774913154629,0.1093378274929113,0.2769439220428467,1,near <0.5m,unknown,unknown,unknown,unknown,unknown,unknown
0.0295396931695621,0.1198233249094026,0.2775680422782898,1,near <0.5m,unknown,unknown,unknown,unknown,unknown,unknown
0.0222194572171427,0.1200636281332609,0.2808491587638855,1,near <0.5m,unknown,unknown,unknown,unknown,unknown,unknown
0.0212456022996186,0.1214300284081704,0.2792744040489197,1,near <0.5m,unknown,unknown,unknown,unknown,unknown,unknown
0.0205097600898737,0.1251586123535502,0.2826608419418335,1,near <0.5m,unknown,unknown,unknown,unknown,unknown,unknown
0.023745879929922,0.124396437747085,0.2815116345882416,1,near <0.5m,unknown,unknown,unknown,unknown,unknown,unknown
0.0241725795173565,0.1307736581400901,0.283526062965393,1,near <0.5m,unknown,unknown,unknown,unknown,unknown,unknown
0.0264904111892053,0.1323999515089856,0.2805071771144867,1,near <0.5m,unknown,unknown,unknown,unknown,unknown,unknown
0.0233294479658953,0.1298958085974119,0.2832382619380951,1,near <0.5m,unknown,unknown,unknown,unknown,unknown,unknown
0.0206651847796805,0.1328407090409326,0.2844792008399963,1,near <0.5m,unknown,unknown,unknown,unknown,unknown,unknown
0.0256682804989862,0.1324801586197043,0.2833739817142486,1,near <0.5m,unknown,unknown,unknown,unknown,unknown,unknown
0.0267006552930371,0.1289310731986119,0.2810341417789459,1,near <0.5m,unknown,unknown,unknown,unknown,unknown,unknown
0.02500839908178,0.1331117813442776,0.284522145986557,1,near <0.5m,unknown,unknown,unknown,unknown,unknown,unknown
0.0062708780300985,0.0924235041954119,0.2874465882778168,1,near <0.5m,unknown,unknown,unknown,unknown,unknown,unknown
0.0041150064816952,0.0870411995812556,0.2853621244430542,1,near <0.5m,unknown,unknown,unknown,unknown,unknown,unknown
0.0156231941329105,0.0813113673589212,0.2858510911464691,1,near <0.5m,unknown,unknown,unknown,unknown,unknown,unknown
0.0234408654903253,0.0854246075640298,0.2849820852279663,1,near <0.5m,unknown,unknown,unknown,unknown,unknown,unknown
0.0196049831961089,0.0799250790613429,0.2857595086097717,1,near <0.5m,unknown,unknown,unknown,unknown,unknown,unknown
0.0217924836244029,0.0865201130649205,0.2854902148246765,1,near <0.5m,unknown,unknown,unknown,unknown,unknown,unknown
0.0242504322956053,0.0925405250551999,0.284241110086441,1,near <0.5m,unknown,unknown,unknown,unknown,unknown,unknown
0.0211229409162942,0.092263170579094,0.2883936762809753,1,near <0.5m,unknown,unknown,unknown,unknown,unknown,unknown
0.015912987694262,0.0985083854712025,0.2861899137496948,1,near <0.5m,unknown,unknown,unknown,unknown,unknown,unknown
0.0094660556033105,0.0949214453796524,0.2853326797485351,1,near <0.5m,unknown,unknown,unknown,unknown,unknown,unknown
0.0111447084547294,0.0918928928907518,0.2851781845092773,1,near <0.5m,unknown,unknown,unknown,unknown,unknown,unknown
0.0122656423626881,0.0973427230653087,0.283878892660141,1,near <0.5m,unknown,unknown,unknown,unknown,unknown,unknown
1.3215983196605667,0.0374669074409615,0.1403810381889343,0,mid 0.5-1.5m,unknown,unknown,unknown,unknown,unknown,unknown
1.0930824862310975,0.047044136540526,0.1653153300285339,0,mid 0.5-1.5m,unknown,unknown,unknown,unknown,unknown,unknown
1.0410483997310016,0.0656311153988076,0.1677511930465698,0,mid 0.5-1.5m,unknown,unknown,unknown,unknown,unknown,unknown
1.0727234698942731,0.0735396753058661,0.1658146381378173,0,mid 0.5-1.5m,unknown,unknown,unknown,unknown,unknown,unknown
1.272692507370594,0.1038398240744067,0.1522578001022339,0,mid 0.5-1.5m,unknown,unknown,unknown,unknown,unknown,unknown
1.261103725128907,0.0759793945573207,0.1506127715110778,0,mid 0.5-1.5m,unknown,unknown,unknown,unknown,unknown,unknown
1.2663955872403716,0.0832136108829717,0.147373080253601,0,mid 0.5-1.5m,unknown,unknown,unknown,unknown,unknown,unknown
1.4465616285605472,-0.0025448248294264,0.1415556073188781,0,mid 0.5-1.5m,unknown,unknown,unknown,unknown,unknown,unknown
1.2220078698164651,-0.017594703394179,0.1603842377662658,0,mid 0.5-1.5m,unknown,unknown,unknown,unknown,unknown,unknown
0.4893892666435628,-0.0894504342137808,0.2344261705875396,0,mid 0.5-1.5m,unknown,unknown,unknown,unknown,unknown,unknown
0.4499853848161741,-0.138615813145921,0.2355179786682129,0,mid 0.5-1.5m,unknown,unknown,unknown,unknown,unknown,unknown
0.1250784065778134,-0.1381752025569446,0.2699860334396362,0,near <0.5m,unknown,unknown,unknown,unknown,unknown,unknown
-0.0115372200009088,-0.1202008842274103,0.2720481753349304,0,near <0.5m,unknown,unknown,unknown,unknown,unknown,unknown
-0.0736086452257002,-0.1084464976731591,0.2735485434532165,0,near <0.5m,unknown,unknown,unknown,unknown,unknown,unknown
-0.2225946528023513,-0.0689122682485664,0.2719632387161255,0,near <0.5m,unknown,unknown,unknown,unknown,unknown,unknown
-0.2725814860785021,-0.0557671172579688,0.270734041929245,0,near <0.5m,unknown,unknown,unknown,unknown,unknown,unknown
-0.4852360527222978,0.0492751361316463,0.253256618976593,0,near <0.5m,unknown,unknown,unknown,unknown,unknown,unknown
-0.5188403670277911,0.1239563884122071,0.2574016153812408,0,near <0.5m,unknown,unknown,unknown,unknown,unknown,unknown
-0.4526213089431626,0.1680837106272556,0.2625684738159179,0,near <0.5m,unknown,unknown,unknown,unknown,unknown,unknown
-0.3429162093599824,0.3071722143247452,0.2804791331291199,0,near <0.5m,unknown,unknown,unknown,unknown,unknown,unknown
-0.2516602142305477,0.3425975074086964,0.274882972240448,0,near <0.5m,unknown,unknown,unknown,unknown,unknown,unknown
-0.0495106629452383,0.3874688834603632,0.2799769639968872,0,near <0.5m,unknown,unknown,unknown,unknown,unknown,unknown
0.0324822029028774,0.3918495093528926,0.276227056980133,0,near <0.5m,unknown,unknown,unknown,unknown,unknown,unknown
0.1788241969115038,0.4201662594671331,0.2729133367538452,0,near <0.5m,unknown,unknown,unknown,unknown,unknown,unknown
0.2870899024458183,0.4287316574587668,0.2470412254333496,0,mid 0.5-1.5m,unknown,unknown,unknown,unknown,unknown,unknown
0.4427775472813586,0.4191088863018847,0.2330829501152038,0,mid 0.5-1.5m,unknown,unknown,unknown,unknown,unknown,unknown
0.4892190200042319,0.3887621334297139,0.2173227071762085,0,mid 0.5-1.5m,unknown,unknown,unknown,unknown,unknown,unknown
0.507252254845267,0.3849162588673308,0.2244505286216735,0,mid 0.5-1.5m,unknown,unknown,unknown,unknown,unknown,unknown
0.5964448175691188,0.2667679163560082,0.2242076992988586,0,mid 0.5-1.5m,unknown,unknown,unknown,unknown,unknown,unknown
0.7804409125683999,0.1623582931344696,0.1974489688873291,0,mid 0.5-1.5m,unknown,unknown,unknown,unknown,unknown,unknown
0.7328231474601805,0.0888651423437566,0.203184962272644,0,mid 0.5-1.5m,unknown,unknown,unknown,unknown,unknown,unknown
0.7008677584784619,0.0396998633531999,0.205325186252594,0,mid 0.5-1.5m,unknown,unknown,unknown,unknown,unknown,unknown
0.8326430074472322,-0.0110161327742646,0.1881238520145416,0,mid 0.5-1.5m,unknown,unknown,unknown,unknown,unknown,unknown
0.6540681137089377,0.2185257028708622,0.2061823010444641,0,mid 0.5-1.5m,unknown,unknown,unknown,unknown,unknown,unknown
0.6506487805593052,0.3193571636938117,0.2016893029212951,0,mid 0.5-1.5m,unknown,unknown,unknown,unknown,unknown,unknown
0.613845516073858,0.3376813141930012,0.2076342701911926,0,mid 0.5-1.5m,unknown,unknown,unknown,unknown,unknown,unknown
0.5883732773516278,0.3381955723879428,0.2096627950668335,0,mid 0.5-1.5m,unknown,unknown,unknown,unknown,unknown,unknown
0.5718611429892988,0.346977677984617,0.2096956968307495,0,mid 0.5-1.5m,unknown,unknown,unknown,unknown,unknown,unknown
0.4066685195120979,0.4064374144139686,0.2270259261131286,0,mid 0.5-1.5m,unknown,unknown,unknown,unknown,unknown,unknown
0.3580362986237402,0.41709252599028,0.2399204969406128,0,mid 0.5-1.5m,unknown,unknown,unknown,unknown,unknown,unknown
0.3199999442688021,0.4334479724930007,0.2446039319038391,0,mid 0.5-1.5m,unknown,unknown,unknown,unknown,unknown,unknown
0.3196008272776178,0.4394405711343817,0.2424877285957336,0,mid 0.5-1.5m,unknown,unknown,unknown,unknown,unknown,unknown
0.2914747440912546,0.4363381951238284,0.2383253574371338,0,mid 0.5-1.5m,unknown,unknown,unknown,unknown,unknown,unknown
0.141768727890497,0.4473065874936984,0.2655029296875,0,near <0.5m,unknown,unknown,unknown,unknown,unknown,unknown
0.0699204831417027,0.4271211189139697,0.2750100493431091,0,near <0.5m,unknown,unknown,unknown,unknown,unknown,unknown
0.0363251620841014,0.4098957852956648,0.27243572473526,0,near <0.5m,unknown,unknown,unknown,unknown,unknown,unknown
0.0166888899305865,0.4191125258026216,0.2744084298610687,0,near <0.5m,unknown,unknown,unknown,unknown,unknown,unknown
0.0048647544433376,0.3997667481401228,0.2722277045249939,0,near <0.5m,unknown,unknown,unknown,unknown,unknown,unknown
-0.1957117046780113,0.3705223851471791,0.2678310871124267,0,near <0.5m,unknown,unknown,unknown,unknown,unknown,unknown
-0.2796988568128725,0.393038063135277,0.26766437292099,0,near <0.5m,unknown,unknown,unknown,unknown,unknown,unknown
-0.2991355494469221,0.3873698759944147,0.2680754959583282,0,near <0.5m,unknown,unknown,unknown,unknown,unknown,unknown
-0.2990730946704243,0.4212239365333159,0.2600569725036621,0,near <0.5m,unknown,unknown,unknown,unknown,unknown,unknown
-0.3121994649983919,0.3916484512686604,0.2653610706329345,0,near <0.5m,unknown,unknown,unknown,unknown,unknown,unknown
-0.3932399871887593,0.3351868502027171,0.2634828686714172,0,near <0.5m,unknown,unknown,unknown,unknown,unknown,unknown
-0.4877131877938558,0.2569482023209469,0.2582301795482635,0,near <0.5m,unknown,unknown,unknown,unknown,unknown,unknown
-0.5073903690500088,0.2157493774105707,0.2541215717792511,0,near <0.5m,unknown,unknown,unknown,unknown,unknown,unknown
-0.5517615374399503,0.1945298897040161,0.2461373507976532,0,mid 0.5-1.5m,unknown,unknown,unknown,unknown,unknown,unknown
-0.5824678603995241,0.1720264083786978,0.2426400780677795,0,mid 0.5-1.5m,unknown,unknown,unknown,unknown,unknown,unknown
-0.6423579487915932,0.1038911058471103,0.2294379472732544,0,mid 0.5-1.5m,unknown,unknown,unknown,unknown,unknown,unknown
-0.6143282978338349,0.0742834486867319,0.2250040769577026,0,mid 0.5-1.5m,unknown,unknown,unknown,unknown,unknown,unknown
-0.5918807244546179,0.0180476603467814,0.2262772917747497,0,mid 0.5-1.5m,unknown,unknown,unknown,unknown,unknown,unknown
-0.5444398463319572,-0.015051553650148,0.2419842481613159,0,mid 0.5-1.5m,unknown,unknown,unknown,unknown,unknown,unknown
-0.5484069221257245,-0.029908704127863,0.2441098988056183,0,mid 0.5-1.5m,unknown,unknown,unknown,unknown,unknown,unknown
-0.5667167987346872,-0.0647029359598985,0.2301321327686309,0,mid 0.5-1.5m,unknown,unknown,unknown,unknown,unknown,unknown
-0.5314002289885273,-0.1039622030496315,0.2310338616371154,0,mid 0.5-1.5m,unknown,unknown,unknown,unknown,unknown,unknown
-0.3865073802962792,-0.1680012779844284,0.2421340048313141,0,mid 0.5-1.5m,unknown,unknown,unknown,unknown,unknown,unknown
-0.2850650371145466,-0.182218092652477,0.2525175213813782,0,near <0.5m,unknown,unknown,unknown,unknown,unknown,unknown
-0.2892876538232244,-0.1892055645050381,0.2545804679393768,0,near <0.5m,unknown,unknown,unknown,unknown,unknown,unknown
-0.263205456818555,-0.206260310101584,0.2531522512435913,0,near <0.5m,unknown,unknown,unknown,unknown,unknown,unknown
-0.0677081365284386,-0.2016356574419575,0.2596457302570343,0,near <0.5m,unknown,unknown,unknown,unknown,unknown,unknown
0.0299064204937397,-0.1604057268244584,0.259306252002716,0,near <0.5m,unknown,unknown,unknown,unknown,unknown,unknown
0.1594825685389626,-0.1319630545057772,0.2551250457763672,0,near <0.5m,unknown,unknown,unknown,unknown,unknown,unknown
0.1664895592214154,-0.1352602153639508,0.2569386959075928,0,near <0.5m,unknown,unknown,unknown,unknown,unknown,unknown
0.1695515018056058,-0.1339027479585008,0.2567448318004608,0,near <0.5m,unknown,unknown,unknown,unknown,unknown,unknown
0.214885327067976,-0.1513428367458625,0.2503558099269867,0,near <0.5m,unknown,unknown,unknown,unknown,unknown,unknown
0.2612516794119555,-0.133093975875075,0.2485301196575164,0,mid 0.5-1.5m,unknown,unknown,unknown,unknown,unknown,unknown
0.4739543397932628,-0.1261666968168484,0.2276657819747924,0,mid 0.5-1.5m,unknown,unknown,unknown,unknown,unknown,unknown
0.5976863524323404,-0.102489128120035,0.2122258245944976,0,mid 0.5-1.5m,unknown,unknown,unknown,unknown,unknown,unknown
0.6425431003887884,-0.0664326356929658,0.2065398693084716,0,mid 0.5-1.5m,unknown,unknown,unknown,unknown,unknown,unknown
1.0046400686191663,0.0325840193404289,0.1478551626205444,0,mid 0.5-1.5m,unknown,unknown,unknown,unknown,unknown,unknown
1.2270023518702542,-0.0466397285655879,0.1282715201377868,0,mid 0.5-1.5m,unknown,unknown,unknown,unknown,unknown,unknown
1.4428883543170907,-0.1423395535746202,0.1096023917198181,0,mid 0.5-1.5m,unknown,unknown,unknown,unknown,unknown,unknown
1.685698390799896,-0.1687625114528118,0.0995438992977142,0,far 1.5-3.5m,unknown,unknown,unknown,unknown,unknown,unknown
1.5907762643779408,-0.1705263560093618,0.1046412587165832,0,mid 0.5-1.5m,unknown,unknown,unknown,unknown,unknown,unknown
2.065969212996744,-0.2020421177910292,0.0856892168521881,0,far 1.5-3.5m,unknown,unknown,unknown,unknown,unknown,unknown
1.2798724972796696,-0.2720799848321165,0.1192734539508819,0,mid 0.5-1.5m,unknown,unknown,unknown,unknown,unknown,unknown
0.4744795595031253,-0.2969865744046656,0.1905259490013122,0,mid 0.5-1.5m,unknown,unknown,unknown,unknown,unknown,unknown
0.4955184856638257,-0.3111641151087691,0.1880278587341308,0,mid 0.5-1.5m,unknown,unknown,unknown,unknown,unknown,unknown
0.3429124970131747,-0.4034440296877852,0.1851809620857238,0,mid 0.5-1.5m,unknown,unknown,unknown,unknown,unknown,unknown
0.2791349444789016,-0.4015873870827731,0.1874334216117859,0,mid 0.5-1.5m,unknown,unknown,unknown,unknown,unknown,unknown
0.2493277715083968,-0.3865749816528569,0.1964917480945587,0,mid 0.5-1.5m,unknown,unknown,unknown,unknown,unknown,unknown
0.2651201330141992,-0.3902398482176948,0.1947395205497741,0,mid 0.5-1.5m,unknown,unknown,unknown,unknown,unknown,unknown
0.0022302109319231,-0.3145153009873757,0.2260743379592895,0,mid 0.5-1.5m,unknown,unknown,unknown,unknown,unknown,unknown
-0.1021803243292648,-0.36187791139187,0.2351678311824798,0,mid 0.5-1.5m,unknown,unknown,unknown,unknown,unknown,unknown
-0.2059090143536768,-0.3077428345518644,0.2325397133827209,0,mid 0.5-1.5m,unknown,unknown,unknown,unknown,unknown,unknown
-0.2401535690610934,-0.2758647635091508,0.225852757692337,0,mid 0.5-1.5m,unknown,unknown,unknown,unknown,unknown,unknown
-0.2242129392677781,-0.2622535100832517,0.2306490838527679,0,mid 0.5-1.5m,unknown,unknown,unknown,unknown,unknown,unknown
-0.3175728314210351,-0.1801175674608403,0.2271913290023803,0,mid 0.5-1.5m,unknown,unknown,unknown,unknown,unknown,unknown
-0.4478333485465692,-0.0764045703388983,0.219156265258789,0,mid 0.5-1.5m,unknown,unknown,unknown,unknown,unknown,unknown
-0.4630199548853335,-0.0074573496571894,0.2177779376506805,0,mid 0.5-1.5m,unknown,unknown,unknown,unknown,unknown,unknown
-0.4866694216361031,0.0099687217925972,0.2208614647388458,0,mid 0.5-1.5m,unknown,unknown,unknown,unknown,unknown,unknown
-0.4481507114973415,0.0402101111971614,0.223392903804779,0,mid 0.5-1.5m,unknown,unknown,unknown,unknown,unknown,unknown
-0.3810198859050305,0.11719861362003,0.2250202894210815,0,mid 0.5-1.5m,unknown,unknown,unknown,unknown,unknown,unknown
-0.3316939563607571,0.2139904071555383,0.2267981767654419,0,mid 0.5-1.5m,unknown,unknown,unknown,unknown,unknown,unknown
-0.2935311463075747,0.3026849668180381,0.2302669584751129,0,mid 0.5-1.5m,unknown,unknown,unknown,unknown,unknown,unknown
-0.2727413601850564,0.3170904209937182,0.2383484244346618,0,mid 0.5-1.5m,unknown,unknown,unknown,unknown,unknown,unknown
-0.2675773818060296,0.3229316057585768,0.2384829521179199,0,mid 0.5-1.5m,unknown,unknown,unknown,unknown,unknown,unknown
-0.0387704022717894,0.2986258329126803,0.2476389706134796,0,mid 0.5-1.5m,unknown,unknown,unknown,unknown,unknown,unknown
0.0848317037898109,0.2935089425660951,0.2402986288070678,0,mid 0.5-1.5m,unknown,unknown,unknown,unknown,unknown,unknown
0.3234423106324204,-0.3526566996924576,0.1668622493743896,0,mid 0.5-1.5m,unknown,unknown,unknown,unknown,unknown,unknown
0.7792047930430415,-0.2250285892333076,0.130672812461853,0,mid 0.5-1.5m,unknown,unknown,unknown,unknown,unknown,unknown
2.036225677234314,-0.2076990296692106,0.0698925852775573,0,far 1.5-3.5m,unknown,unknown,unknown,unknown,unknown,unknown
3.133155052324744,-0.1393257035176313,0.0522386729717254,0,far 1.5-3.5m,unknown,unknown,unknown,unknown,unknown,unknown
2.072118090159857,-0.0066255620367577,0.0741953551769256,0,far 1.5-3.5m,unknown,unknown,unknown,unknown,unknown,unknown
1.7572651078744053,0.0971343685275937,0.0877905786037445,0,far 1.5-3.5m,unknown,unknown,unknown,unknown,unknown,unknown
1.4450098845526578,0.1695555811698021,0.0981049239635467,0,far 1.5-3.5m,unknown,unknown,unknown,unknown,unknown,unknown
1.017269529756072,0.2667678913160611,0.1103990674018859,0,mid 0.5-1.5m,unknown,unknown,unknown,unknown,unknown,unknown
1.0269231939006636,0.3107850978793927,0.1028540134429931,0,mid 0.5-1.5m,unknown,unknown,unknown,unknown,unknown,unknown
1.0322778658971683,0.3587029730452366,0.074706345796585,0,far 1.5-3.5m,unknown,unknown,unknown,unknown,unknown,unknown
0.763373740998804,0.3947735189864668,0.1328130662441253,0,mid 0.5-1.5m,unknown,unknown,unknown,unknown,unknown,unknown
0.3775486817539063,0.4741251970532077,0.1848446130752563,0,mid 0.5-1.5m,unknown,unknown,unknown,unknown,unknown,unknown
0.2591592582565978,0.4660764852980356,0.2032474875450134,0,mid 0.5-1.5m,unknown,unknown,unknown,unknown,unknown,unknown
0.1641059046397611,0.4426909134763771,0.2144450545310974,0,mid 0.5-1.5m,unknown,unknown,unknown,unknown,unknown,unknown
0.0885978578871538,0.4121043007435194,0.2154453992843628,0,mid 0.5-1.5m,unknown,unknown,unknown,unknown,unknown,unknown
-0.0603236024736961,0.3993088945794047,0.2181424796581268,0,mid 0.5-1.5m,unknown,unknown,unknown,unknown,unknown,unknown
-0.2246957736682704,0.3832275205932737,0.2131597101688385,0,mid 0.5-1.5m,unknown,unknown,unknown,unknown,unknown,unknown
-0.3759234594364626,0.3829265252613929,0.2025787234306335,0,mid 0.5-1.5m,unknown,unknown,unknown,unknown,unknown,unknown
-0.4259003315855993,0.3692362587690098,0.1917332708835601,0,mid 0.5-1.5m,unknown,unknown,unknown,unknown,unknown,unknown
-0.474303365390229,0.323641665153843,0.1826366782188415,0,mid 0.5-1.5m,unknown,unknown,unknown,unknown,unknown,unknown
-0.4960137879306089,0.2271876890268316,0.1832427084445953,0,mid 0.5-1.5m,unknown,unknown,unknown,unknown,unknown,unknown
-0.0008692549057392,0.0442680977506216,0.2049027383327484,1,mid 0.5-1.5m,unknown,unknown,unknown,unknown,unknown,unknown
-0.0066847287206031,0.0451564696651933,0.2117534279823303,1,mid 0.5-1.5m,unknown,unknown,unknown,unknown,unknown,unknown
-0.0061457673624575,0.037327958389224,0.2095784544944763,1,mid 0.5-1.5m,unknown,unknown,unknown,unknown,unknown,unknown
-0.0121760027335815,0.0463072156631549,0.2095110416412353,1,mid 0.5-1.5m,unknown,unknown,unknown,unknown,unknown,unknown
-0.0092263156428128,0.0472515445251289,0.2084659934043884,1,mid 0.5-1.5m,unknown,unknown,unknown,unknown,unknown,unknown
-0.013847729005252,0.0444708042574983,0.2172031700611114,1,mid 0.5-1.5m,unknown,unknown,unknown,unknown,unknown,unknown
-0.0168849836387949,0.0482309150196128,0.2228379845619201,1,mid 0.5-1.5m,unknown,unknown,unknown,unknown,unknown,unknown
-0.0156966521281439,0.0510454789284146,0.2199642658233642,1,mid 0.5-1.5m,unknown,unknown,unknown,unknown,unknown,unknown
0.0097566106974922,0.0371896011052208,0.2137262523174286,1,mid 0.5-1.5m,unknown,unknown,unknown,unknown,unknown,unknown
0.1631253333085516,0.0421934441696981,0.2043254971504211,1,mid 0.5-1.5m,unknown,unknown,unknown,unknown,unknown,unknown
0.2803391397942675,0.0543259703404112,0.1981567740440368,1,mid 0.5-1.5m,unknown,unknown,unknown,unknown,unknown,unknown
0.2886232956916598,0.0562788723755488,0.1939789056777954,1,mid 0.5-1.5m,unknown,unknown,unknown,unknown,unknown,unknown
0.2736896922535105,0.0581356100540876,0.1967539489269256,1,mid 0.5-1.5m,unknown,unknown,unknown,unknown,unknown,unknown
-0.0031245044099813,0.042485014958203,0.1932869851589203,1,mid 0.5-1.5m,unknown,unknown,unknown,unknown,unknown,unknown
-0.0040772238998284,0.054217282782501,0.1892337203025818,1,mid 0.5-1.5m,unknown,unknown,unknown,unknown,unknown,unknown
-0.0021985159649112,0.0435106251218036,0.1880227029323578,1,mid 0.5-1.5m,unknown,unknown,unknown,unknown,unknown,unknown
0.0015058048123289,0.0417586712136444,0.1892366111278534,1,mid 0.5-1.5m,unknown,unknown,unknown,unknown,unknown,unknown
-0.0060437927462573,0.0439387275154121,0.1870243549346923,1,mid 0.5-1.5m,unknown,unknown,unknown,unknown,unknown,unknown
-0.0082243384468099,0.0318792557566518,0.1906187534332275,1,mid 0.5-1.5m,unknown,unknown,unknown,unknown,unknown,unknown
-0.0089431749468243,0.0407361863767426,0.1906544864177703,1,mid 0.5-1.5m,unknown,unknown,unknown,unknown,unknown,unknown
-0.013174769057188,0.0409229938431526,0.191007524728775,1,mid 0.5-1.5m,unknown,unknown,unknown,unknown,unknown,unknown
-0.0126060631686046,0.0425040109151228,0.1921953558921814,1,mid 0.5-1.5m,unknown,unknown,unknown,unknown,unknown,unknown
-0.0057250588751819,0.0378938813764494,0.1933659315109253,1,mid 0.5-1.5m,unknown,unknown,unknown,unknown,unknown,unknown
-0.015665213803355,0.0362949860626339,0.1935925483703613,1,mid 0.5-1.5m,unknown,unknown,unknown,unknown,unknown,unknown
-0.0140503931263468,0.0398204919138545,0.1930309832096099,1,mid 0.5-1.5m,unknown,unknown,unknown,unknown,unknown,unknown
-0.013528950652826,0.0387967887199919,0.1906142830848693,1,mid 0.5-1.5m,unknown,unknown,unknown,unknown,unknown,unknown
-0.0111198097838369,0.0417483993347427,0.1914955973625183,1,mid 0.5-1.5m,unknown,unknown,unknown,unknown,unknown,unknown
-0.0161555708384355,0.0400443344147962,0.1928337812423706,1,mid 0.5-1.5m,unknown,unknown,unknown,unknown,unknown,unknown
-0.013282492425526,0.0504055006567808,0.1905769109725952,1,mid 0.5-1.5m,unknown,unknown,unknown,unknown,unknown,unknown
-0.0172286124631225,0.0437068755596739,0.1901100575923919,1,mid 0.5-1.5m,unknown,unknown,unknown,unknown,unknown,unknown
-0.0148185682202421,0.0542623407005039,0.1889663934707641,1,mid 0.5-1.5m,unknown,unknown,unknown,unknown,unknown,unknown
-0.004667886293262,0.0502837887205179,0.1900285482406616,1,mid 0.5-1.5m,unknown,unknown,unknown,unknown,unknown,unknown
-0.0108102736704519,0.0510972377910927,0.1885249316692352,1,mid 0.5-1.5m,unknown,unknown,unknown,unknown,unknown,unknown
-0.0314049004087169,0.04795779622813,0.1636109948158264,1,mid 0.5-1.5m,unknown,unknown,unknown,unknown,unknown,unknown
-0.0389925121221242,0.0411648582248095,0.1630811095237732,1,mid 0.5-1.5m,unknown,unknown,unknown,unknown,unknown,unknown
-0.0424584683800673,0.04489178706968,0.1647564768791198,1,mid 0.5-1.5m,unknown,unknown,unknown,unknown,unknown,unknown
-0.0413976773476672,0.0437474771471941,0.1660490036010742,1,mid 0.5-1.5m,unknown,unknown,unknown,unknown,unknown,unknown
-0.046092068139766,0.0474876960204412,0.167129248380661,1,mid 0.5-1.5m,unknown,unknown,unknown,unknown,unknown,unknown
-0.0451398787066213,0.047649822272123,0.1686080396175384,1,mid 0.5-1.5m,unknown,unknown,unknown,unknown,unknown,unknown
-0.0457583405782434,0.0368324474628516,0.1657276749610901,1,mid 0.5-1.5m,unknown,unknown,unknown,unknown,unknown,unknown
-0.0527793642685886,0.0442283958048766,0.1649665534496307,1,mid 0.5-1.5m,unknown,unknown,unknown,unknown,unknown,unknown
-0.0549906574140416,0.042058143271852,0.1643943190574646,1,mid 0.5-1.5m,unknown,unknown,unknown,unknown,unknown,unknown
-0.0458939450282766,0.0401516055484046,0.1689095497131347,1,mid 0.5-1.5m,unknown,unknown,unknown,unknown,unknown,unknown
-0.0393712062529036,0.0500327645106033,0.1688360571861267,1,mid 0.5-1.5m,unknown,unknown,unknown,unknown,unknown,unknown
-0.0537793443319793,0.0515892218999845,0.1673091053962707,1,mid 0.5-1.5m,unknown,unknown,unknown,unknown,unknown,unknown
-0.0428431724686616,0.0446342496892269,0.1670831143856048,1,mid 0.5-1.5m,unknown,unknown,unknown,unknown,unknown,unknown
-0.0469983038288271,0.0508686679201428,0.164932906627655,1,mid 0.5-1.5m,unknown,unknown,unknown,unknown,unknown,unknown
-0.0418343697888646,0.0552080991676685,0.165530651807785,1,mid 0.5-1.5m,unknown,unknown,unknown,unknown,unknown,unknown
-0.0388249169273564,0.0518598426207955,0.1657328903675079,1,mid 0.5-1.5m,unknown,unknown,unknown,unknown,unknown,unknown
-0.0385330351740727,0.0667500708495076,0.1664194464683532,1,mid 0.5-1.5m,unknown,unknown,unknown,unknown,unknown,unknown
-0.043100515600808,0.0607260240979083,0.1667786836624145,1,mid 0.5-1.5m,unknown,unknown,unknown,unknown,unknown,unknown
-0.0370509219269403,0.0596547083189566,0.1655445694923401,1,mid 0.5-1.5m,unknown,unknown,unknown,unknown,unknown,unknown
-0.0318955581845143,0.0545072956574657,0.1676543354988098,1,mid 0.5-1.5m,unknown,unknown,unknown,unknown,unknown,unknown
-0.0368574695835348,0.0416212151743109,0.1631298065185547,1,mid 0.5-1.5m,unknown,unknown,unknown,unknown,unknown,unknown
-0.0364495490011048,0.0604828537114075,0.1602651178836822,1,mid 0.5-1.5m,unknown,unknown,unknown,unknown,unknown,unknown
-0.0310353067510114,0.0175777735519034,0.1544010639190673,1,mid 0.5-1.5m,unknown,unknown,unknown,unknown,unknown,unknown
-0.0375216933681257,0.0018417553606223,0.1575279831886291,1,mid 0.5-1.5m,unknown,unknown,unknown,unknown,unknown,unknown
-0.0205708024487251,0.0048283645611414,0.1569904088973999,1,mid 0.5-1.5m,unknown,unknown,unknown,unknown,unknown,unknown
-0.0251782017861497,-0.0044245947049251,0.1524686515331268,1,mid 0.5-1.5m,unknown,unknown,unknown,unknown,unknown,unknown
-0.0419769039848275,0.0017168507927448,0.1560911238193512,1,mid 0.5-1.5m,unknown,unknown,unknown,unknown,unknown,unknown
-0.020396196123724,0.0176674021544979,0.1569952070713043,1,mid 0.5-1.5m,unknown,unknown,unknown,unknown,unknown,unknown
-0.0268410982293271,0.0141636812685305,0.1565408408641815,1,mid 0.5-1.5m,unknown,unknown,unknown,unknown,unknown,unknown
-0.0219905842407209,0.0115623955527244,0.15528205037117,1,mid 0.5-1.5m,unknown,unknown,unknown,unknown,unknown,unknown
-0.0360541102886216,0.02273994116359,0.1555849313735962,1,mid 0.5-1.5m,unknown,unknown,unknown,unknown,unknown,unknown
0.1119666065786209,-0.2319030242792402,0.143044501543045,0,mid 0.5-1.5m,unknown,unknown,unknown,unknown,unknown,unknown
0.1046905469424752,-0.236347181097018,0.1443896293640136,0,mid 0.5-1.5m,unknown,unknown,unknown,unknown,unknown,unknown
0.1486261804888916,-0.2010048357991956,0.1453159749507904,0,mid 0.5-1.5m,unknown,unknown,unknown,unknown,unknown,unknown
0.2301503916452109,-0.20484940934643,0.1415168642997741,0,mid 0.5-1.5m,unknown,unknown,unknown,unknown,unknown,unknown
0.3277836572036023,-0.1760961960698858,0.1389236152172088,0,mid 0.5-1.5m,unknown,unknown,unknown,unknown,unknown,unknown
0.4009724360851004,-0.1614640937277484,0.1334939301013946,0,mid 0.5-1.5m,unknown,unknown,unknown,unknown,unknown,unknown
0.409371519358605,-0.1740196880197085,0.1361833214759826,0,mid 0.5-1.5m,unknown,unknown,unknown,unknown,unknown,unknown
0.4277809804692731,-0.1476708589370353,0.1337542235851287,0,mid 0.5-1.5m,unknown,unknown,unknown,unknown,unknown,unknown
0.4350715240303314,-0.1505126048621315,0.1345118284225464,0,mid 0.5-1.5m,unknown,unknown,unknown,unknown,unknown,unknown
0.4676662986698943,-0.1554241984565866,0.1307056844234466,0,mid 0.5-1.5m,unknown,unknown,unknown,unknown,unknown,unknown
0.4620109527482319,-0.1292716201956608,0.1312319636344909,0,mid 0.5-1.5m,unknown,unknown,unknown,unknown,unknown,unknown
0.513517897446148,-0.1067669463175502,0.1315447390079498,0,mid 0.5-1.5m,unknown,unknown,unknown,unknown,unknown,unknown
0.531400126544678,-0.0982758988126257,0.1235407292842865,0,mid 0.5-1.5m,unknown,unknown,unknown,unknown,unknown,unknown
0.5325821481927736,-0.0937749880859164,0.1260012984275818,0,mid 0.5-1.5m,unknown,unknown,unknown,unknown,unknown,unknown
0.5800244495147352,-0.0392688719910282,0.1200132369995117,0,mid 0.5-1.5m,unknown,unknown,unknown,unknown,unknown,unknown
0.5967426976919432,-0.0296789871313699,0.1201627850532531,0,mid 0.5-1.5m,unknown,unknown,unknown,unknown,unknown,unknown
0.7347958781643732,0.0042686012043364,0.1098670661449432,0,mid 0.5-1.5m,unknown,unknown,unknown,unknown,unknown,unknown
0.7685669735955265,0.0396077925942907,0.1101328134536743,0,mid 0.5-1.5m,unknown,unknown,unknown,unknown,unknown,unknown
0.6998919828893347,0.0141160673090137,0.1107710599899292,0,mid 0.5-1.5m,unknown,unknown,unknown,unknown,unknown,unknown
0.6418408703479584,0.1105897151085843,0.1234033107757568,0,mid 0.5-1.5m,unknown,unknown,unknown,unknown,unknown,unknown
0.7093369585624677,0.1483412363418846,0.1191025674343109,0,mid 0.5-1.5m,unknown,unknown,unknown,unknown,unknown,unknown
0.6569997283393819,0.1724183532173405,0.1187277138233184,0,mid 0.5-1.5m,unknown,unknown,unknown,unknown,unknown,unknown
0.6420666861365532,0.2121285061402793,0.1195217967033386,0,mid 0.5-1.5m,unknown,unknown,unknown,unknown,unknown,unknown
0.6842039742571061,0.2296570917746032,0.1135228872299194,0,mid 0.5-1.5m,unknown,unknown,unknown,unknown,unknown,unknown
0.6848389280138105,0.256022238188546,0.1133331656455993,0,mid 0.5-1.5m,unknown,unknown,unknown,unknown,unknown,unknown
0.6409639376728637,0.2690435349192872,0.1135193407535553,0,mid 0.5-1.5m,unknown,unknown,unknown,unknown,unknown,unknown
0.6222078817056964,0.2691179223722141,0.1116912961006164,0,mid 0.5-1.5m,unknown,unknown,unknown,unknown,unknown,unknown
0.6339960461864111,0.2874736681057148,0.1095620691776275,0,mid 0.5-1.5m,unknown,unknown,unknown,unknown,unknown,unknown
0.6039335244488029,0.2978330675700256,0.1125286221504211,0,mid 0.5-1.5m,unknown,unknown,unknown,unknown,unknown,unknown
0.5982058488694559,0.3040091920429242,0.1120312213897705,0,mid 0.5-1.5m,unknown,unknown,unknown,unknown,unknown,unknown
0.5589135998969185,0.3184331632415305,0.1141369044780731,0,mid 0.5-1.5m,unknown,unknown,unknown,unknown,unknown,unknown
0.5676820701477359,0.3171830601442449,0.1136367917060852,0,mid 0.5-1.5m,unknown,unknown,unknown,unknown,unknown,unknown
0.5280342773959847,0.3277367917861529,0.1191680133342742,0,mid 0.5-1.5m,unknown,unknown,unknown,unknown,unknown,unknown
0.4841795756486776,0.3097354084759561,0.1215876638889312,0,mid 0.5-1.5m,unknown,unknown,unknown,unknown,unknown,unknown
0.4396924826965884,0.3133753236726324,0.1298798024654388,0,mid 0.5-1.5m,unknown,unknown,unknown,unknown,unknown,unknown
0.3213951512912468,0.3081779783295557,0.1421687006950378,0,mid 0.5-1.5m,unknown,unknown,unknown,unknown,unknown,unknown
0.2667208860038592,0.3116188608334173,0.1418588459491729,0,mid 0.5-1.5m,unknown,unknown,unknown,unknown,unknown,unknown
0.2602631583113572,0.3161473600898443,0.1443226039409637,0,mid 0.5-1.5m,unknown,unknown,unknown,unknown,unknown,unknown
0.216114238010428,0.3390439796885001,0.144468754529953,0,mid 0.5-1.5m,unknown,unknown,unknown,unknown,unknown,unknown
0.1896310951506869,0.3117473289184752,0.1444584131240844,0,mid 0.5-1.5m,unknown,unknown,unknown,unknown,unknown,unknown
0.1576126057828885,0.3279450903462549,0.1479999423027038,0,mid 0.5-1.5m,unknown,unknown,unknown,unknown,unknown,unknown
0.1328909841010161,0.3484780107215556,0.1514513790607452,0,mid 0.5-1.5m,unknown,unknown,unknown,unknown,unknown,unknown
0.1070700854689307,0.3593454164299083,0.1501167714595794,0,mid 0.5-1.5m,unknown,unknown,unknown,unknown,unknown,unknown
0.0566319515265864,0.3146975740270862,0.1494333148002624,0,mid 0.5-1.5m,unknown,unknown,unknown,unknown,unknown,unknown
0.015985358594821,0.2853993801171718,0.1499832570552826,0,mid 0.5-1.5m,unknown,unknown,unknown,unknown,unknown,unknown
-0.2426012190962586,0.2730509664560537,0.1466934382915496,0,mid 0.5-1.5m,unknown,unknown,unknown,unknown,unknown,unknown
-0.3087864486497897,0.2412832794798222,0.1419802904129028,0,mid 0.5-1.5m,unknown,unknown,unknown,unknown,unknown,unknown
-0.3311755955540285,0.2318361322970949,0.14895761013031,0,mid 0.5-1.5m,unknown,unknown,unknown,unknown,unknown,unknown
-0.3758907644366998,0.2262021739298945,0.1354595124721527,0,mid 0.5-1.5m,unknown,unknown,unknown,unknown,unknown,unknown
-0.3925192280074946,0.2316896469611397,0.1335419416427612,0,mid 0.5-1.5m,unknown,unknown,unknown,unknown,unknown,unknown
-0.4277142629251541,0.2304245852411196,0.1303939223289489,0,mid 0.5-1.5m,unknown,unknown,unknown,unknown,unknown,unknown
-0.066,0.13974,0.2522,1,near <0.5m,unknown,unknown,unknown,unknown,unknown,unknown
-0.05799,0.1311,0.25473,1,near <0.5m,unknown,unknown,unknown,unknown,unknown,unknown
-0.05911,0.13285,0.25614,1,near <0.5m,unknown,unknown,unknown,unknown,unknown,unknown
-0.05876,0.12598,0.25606,1,near <0.5m,unknown,unknown,unknown,unknown,unknown,unknown
-0.05131,0.1346,0.25599,1,near <0.5m,unknown,unknown,unknown,unknown,unknown,unknown
-0.05378,0.13103,0.25644,1,near <0.5m,unknown,unknown,unknown,unknown,unknown,unknown
-0.0582,0.13574,0.25715,1,near <0.5m,unknown,unknown,unknown,unknown,unknown,unknown
-0.04508,0.22451,0.24885,1,mid 0.5-1.5m,unknown,unknown,unknown,unknown,unknown,unknown
-0.06515,0.13833,0.25541,1,near <0.5m,unknown,unknown,unknown,unknown,unknown,unknown
-0.07879,0.14043,0.2522,1,near <0.5m,unknown,unknown,unknown,unknown,unknown,unknown
-0.07727,0.13877,0.25343,1,near <0.5m,unknown,unknown,unknown,unknown,unknown,unknown
-0.07237,0.13466,0.25423,1,near <0.5m,unknown,unknown,unknown,unknown,unknown,unknown
-0.06477,0.13201,0.25443,1,near <0.5m,unknown,unknown,unknown,unknown,unknown,unknown
-0.06785,0.12651,0.25489,1,near <0.5m,unknown,unknown,unknown,unknown,unknown,unknown
-0.06041,0.11124,0.25983,1,near <0.5m,unknown,unknown,unknown,unknown,unknown,unknown
-0.04499,0.07862,0.26223,1,near <0.5m,unknown,unknown,unknown,unknown,unknown,unknown
-0.0167,0.04629,0.26056,1,near <0.5m,unknown,unknown,unknown,unknown,unknown,unknown
-0.01697,0.08239,0.26202,1,near <0.5m,unknown,unknown,unknown,unknown,unknown,unknown
-0.03204,0.11579,0.26106,1,near <0.5m,unknown,unknown,unknown,unknown,unknown,unknown
-0.03634,0.11112,0.25957,1,near <0.5m,unknown,unknown,unknown,unknown,unknown,unknown
-0.04314,0.12324,0.25643,1,near <0.5m,unknown,unknown,unknown,unknown,unknown,unknown
-0.03675,0.12735,0.2538,1,near <0.5m,unknown,unknown,unknown,unknown,unknown,unknown
-0.03924,0.12703,0.25781,1,near <0.5m,unknown,unknown,unknown,unknown,unknown,unknown
-0.03766,0.13289,0.25576,1,near <0.5m,unknown,unknown,unknown,unknown,unknown,unknown
-0.03573,0.13125,0.25577,1,near <0.5m,unknown,unknown,unknown,unknown,unknown,unknown
-0.036,0.10941,0.2563,1,near <0.5m,unknown,unknown,unknown,unknown,unknown,unknown
-0.03284,0.10953,0.25803,1,near <0.5m,unknown,unknown,unknown,unknown,unknown,unknown
-0.03298,0.11215,0.25883,1,near <0.5m,unknown,unknown,unknown,unknown,unknown,unknown
-0.04239,0.11687,0.25931,1,near <0.5m,unknown,unknown,unknown,unknown,unknown,unknown
-0.05024,0.11441,0.25863,1,near <0.5m,unknown,unknown,unknown,unknown,unknown,unknown
-0.05444,0.11316,0.25788,1,near <0.5m,unknown,unknown,unknown,unknown,unknown,unknown
-0.05629,0.10813,0.26033,1,near <0.5m,unknown,unknown,unknown,unknown,unknown,unknown
-0.08103,0.10781,0.25951,1,near <0.5m,unknown,unknown,unknown,unknown,unknown,unknown
-0.07827,0.10578,0.25848,1,near <0.5m,unknown,unknown,unknown,unknown,unknown,unknown
-0.07136,0.1058,0.25784,1,near <0.5m,unknown,unknown,unknown,unknown,unknown,unknown
-0.0689,0.10556,0.25802,1,near <0.5m,unknown,unknown,unknown,unknown,unknown,unknown
-0.06099,0.10399,0.25929,1,near <0.5m,unknown,unknown,unknown,unknown,unknown,unknown
-0.08714,0.09476,0.25649,1,near <0.5m,unknown,unknown,unknown,unknown,unknown,unknown
-0.05152,0.10845,0.2611,1,near <0.5m,unknown,unknown,unknown,unknown,unknown,unknown
-0.05765,0.11328,0.26228,1,near <0.5m,unknown,unknown,unknown,unknown,unknown,unknown
-0.06116,0.10673,0.25955,1,near <0.5m,unknown,unknown,unknown,unknown,unknown,unknown
-0.06043,0.10516,0.26034,1,near <0.5m,unknown,unknown,unknown,unknown,unknown,unknown
-0.05842,0.08907,0.26007,1,near <0.5m,unknown,unknown,unknown,unknown,unknown,unknown
-0.06663,0.09043,0.26057,1,near <0.5m,unknown,unknown,unknown,unknown,unknown,unknown
-0.11372,0.1134,0.22908,1,mid 0.5-1.5m,unknown,unknown,unknown,unknown,unknown,unknown
-0.10868,0.11109,0.22482,1,mid 0.5-1.5m,unknown,unknown,unknown,unknown,unknown,unknown
-0.08163,0.11385,0.22917,1,mid 0.5-1.5m,unknown,unknown,unknown,unknown,unknown,unknown
-0.07596,0.11565,0.23018,1,mid 0.5-1.5m,unknown,unknown,unknown,unknown,unknown,unknown
-0.07993,0.11606,0.22895,1,mid 0.5-1.5m,unknown,unknown,unknown,unknown,unknown,unknown
-0.0718,0.11592,0.22968,1,mid 0.5-1.5m,unknown,unknown,unknown,unknown,unknown,unknown
-0.06897,0.12507,0.23065,1,mid 0.5-1.5m,unknown,unknown,unknown,unknown,unknown,unknown
-0.07337,0.12423,0.23237,1,mid 0.5-1.5m,unknown,unknown,unknown,unknown,unknown,unknown
-0.07295,0.1254,0.23296,1,mid 0.5-1.5m,unknown,unknown,unknown,unknown,unknown,unknown
-0.0696,0.12742,0.23334,1,mid 0.5-1.5m,unknown,unknown,unknown,unknown,unknown,unknown
-0.07447,0.12923,0.23198,1,mid 0.5-1.5m,unknown,unknown,unknown,unknown,unknown,unknown
-0.07257,0.13079,0.23116,1,mid 0.5-1.5m,unknown,unknown,unknown,unknown,unknown,unknown
-0.0752,0.13019,0.23028,1,mid 0.5-1.5m,unknown,unknown,unknown,unknown,unknown,unknown
-0.07632,0.12508,0.23387,1,mid 0.5-1.5m,unknown,unknown,unknown,unknown,unknown,unknown
-0.0718,0.12611,0.23237,1,mid 0.5-1.5m,unknown,unknown,unknown,unknown,unknown,unknown
-0.06481,0.12277,0.23398,1,mid 0.5-1.5m,unknown,unknown,unknown,unknown,unknown,unknown
-0.06964,0.12385,0.23264,1,mid 0.5-1.5m,unknown,unknown,unknown,unknown,unknown,unknown
-0.07001,0.11586,0.23333,1,mid 0.5-1.5m,unknown,unknown,unknown,unknown,unknown,unknown
-0.06628,0.10819,0.23601,1,mid 0.5-1.5m,unknown,unknown,unknown,unknown,unknown,unknown
-0.06213,0.11696,0.23496,1,mid 0.5-1.5m,unknown,unknown,unknown,unknown,unknown,unknown
-0.04914,0.12708,0.23748,1,mid 0.5-1.5m,unknown,unknown,unknown,unknown,unknown,unknown
-0.04765,0.10781,0.23515,1,mid 0.5-1.5m,unknown,unknown,unknown,unknown,unknown,unknown
-0.05089,0.10744,0.23377,1,mid 0.5-1.5m,unknown,unknown,unknown,unknown,unknown,unknown
-0.05391,0.11283,0.23495,1,mid 0.5-1.5m,unknown,unknown,unknown,unknown,unknown,unknown
-0.06091,0.1134,0.23298,1,mid 0.5-1.5m,unknown,unknown,unknown,unknown,unknown,unknown
-0.06275,0.11174,0.23375,1,mid 0.5-1.5m,unknown,unknown,unknown,unknown,unknown,unknown
-0.0737,0.12168,0.21767,1,mid 0.5-1.5m,unknown,unknown,unknown,unknown,unknown,unknown
-0.08638,0.11279,0.21568,1,mid 0.5-1.5m,unknown,unknown,unknown,unknown,unknown,unknown
-0.09091,0.10815,0.21382,1,mid 0.5-1.5m,unknown,unknown,unknown,unknown,unknown,unknown
-0.07947,0.11641,0.21718,1,mid 0.5-1.5m,unknown,unknown,unknown,unknown,unknown,unknown
-0.07726,0.11401,0.21683,1,mid 0.5-1.5m,unknown,unknown,unknown,unknown,unknown,unknown
-0.05636,0.11335,0.21998,1,mid 0.5-1.5m,unknown,unknown,unknown,unknown,unknown,unknown
-0.05507,0.11478,0.21792,1,mid 0.5-1.5m,unknown,unknown,unknown,unknown,unknown,unknown
-0.0535,0.11191,0.21867,1,mid 0.5-1.5m,unknown,unknown,unknown,unknown,unknown,unknown
-0.05434,0.11141,0.21964,1,mid 0.5-1.5m,unknown,unknown,unknown,unknown,unknown,unknown
-0.05595,0.11133,0.21898,1,mid 0.5-1.5m,unknown,unknown,unknown,unknown,unknown,unknown
-0.05937,0.11114,0.21882,1,mid 0.5-1.5m,unknown,unknown,unknown,unknown,unknown,unknown
-0.06497,0.10981,0.22026,1,mid 0.5-1.5m,unknown,unknown,unknown,unknown,unknown,unknown
-0.10095,0.10948,0.21965,1,mid 0.5-1.5m,unknown,unknown,unknown,unknown,unknown,unknown
-0.0976,0.11172,0.22,1,mid 0.5-1.5m,unknown,unknown,unknown,unknown,unknown,unknown
-0.09498,0.10899,0.21955,1,mid 0.5-1.5m,unknown,unknown,unknown,unknown,unknown,unknown
-0.03756,0.08284,0.21906,1,mid 0.5-1.5m,unknown,unknown,unknown,unknown,unknown,unknown
-0.0298,0.09336,0.22096,1,mid 0.5-1.5m,unknown,unknown,unknown,unknown,unknown,unknown
-0.0394,0.10981,0.20782,1,mid 0.5-1.5m,unknown,unknown,unknown,unknown,unknown,unknown
-0.04086,0.1197,0.20641,1,mid 0.5-1.5m,unknown,unknown,unknown,unknown,unknown,unknown
-0.03864,0.13844,0.20521,1,mid 0.5-1.5m,unknown,unknown,unknown,unknown,unknown,unknown
-0.04022,0.12991,0.20475,1,mid 0.5-1.5m,unknown,unknown,unknown,unknown,unknown,unknown
-0.03998,0.13093,0.20483,1,mid 0.5-1.5m,unknown,unknown,unknown,unknown,unknown,unknown
-0.03423,0.13859,0.20574,1,mid 0.5-1.5m,unknown,unknown,unknown,unknown,unknown,unknown
-0.04426,0.1168,0.20579,1,mid 0.5-1.5m,unknown,unknown,unknown,unknown,unknown,unknown
0.55759,-0.01374,0.23554,0,mid 0.5-1.5m,unknown,unknown,unknown,unknown,unknown,unknown
-0.16529,-0.09693,0.27067,0,near <0.5m,unknown,unknown,unknown,unknown,unknown,unknown
-0.47238,-0.07937,0.23989,0,mid 0.5-1.5m,unknown,unknown,unknown,unknown,unknown,unknown
-0.89927,-0.01087,0.1795,0,mid 0.5-1.5m,unknown,unknown,unknown,unknown,unknown,unknown
-1.25579,0.0156,0.14815,0,mid 0.5-1.5m,unknown,unknown,unknown,unknown,unknown,unknown
-1.30174,0.08858,0.14973,0,mid 0.5-1.5m,unknown,unknown,unknown,unknown,unknown,unknown
-0.82856,0.09567,0.19495,0,mid 0.5-1.5m,unknown,unknown,unknown,unknown,unknown,unknown
-1.31903,0.06162,0.14602,0,mid 0.5-1.5m,unknown,unknown,unknown,unknown,unknown,unknown
0.76867,0.05576,0.20579,0,mid 0.5-1.5m,unknown,unknown,unknown,unknown,unknown,unknown
0.03001,0.42005,0.28324,0,near <0.5m,unknown,unknown,unknown,unknown,unknown,unknown
-0.09303,0.51878,0.27482,0,near <0.5m,unknown,unknown,unknown,unknown,unknown,unknown
-0.12518,0.49681,0.26426,0,near <0.5m,unknown,unknown,unknown,unknown,unknown,unknown
-0.19173,0.44185,0.25501,0,near <0.5m,unknown,unknown,unknown,unknown,unknown,unknown
-0.17955,0.47352,0.25098,0,near <0.5m,unknown,unknown,unknown,unknown,unknown,unknown
-0.18098,0.50893,0.25331,0,near <0.5m,unknown,unknown,unknown,unknown,unknown,unknown
-0.09258,0.5718,0.2814,0,near <0.5m,unknown,unknown,unknown,unknown,unknown,unknown
0.31327,0.40168,0.2497,0,mid 0.5-1.5m,unknown,unknown,unknown,unknown,unknown,unknown
0.49579,0.11938,0.24375,0,mid 0.5-1.5m,unknown,unknown,unknown,unknown,unknown,unknown
0.56202,-0.01717,0.23344,0,mid 0.5-1.5m,unknown,unknown,unknown,unknown,unknown,unknown
-1.00006,0.17366,0.16846,0,mid 0.5-1.5m,unknown,unknown,unknown,unknown,unknown,unknown
-0.13128,-0.35454,0.26283,0,near <0.5m,unknown,unknown,unknown,unknown,unknown,unknown
-0.19432,-0.19352,0.26255,0,near <0.5m,unknown,unknown,unknown,unknown,unknown,unknown
-0.01166,-0.27072,0.27172,0,near <0.5m,unknown,unknown,unknown,unknown,unknown,unknown
0.18056,-0.18666,0.25728,0,near <0.5m,unknown,unknown,unknown,unknown,unknown,unknown
0.85054,0.04467,0.18948,0,mid 0.5-1.5m,unknown,unknown,unknown,unknown,unknown,unknown
0.8386,0.16599,0.19254,0,mid 0.5-1.5m,unknown,unknown,unknown,unknown,unknown,unknown
-0.21374,0.32115,0.19695,0,mid 0.5-1.5m,unknown,unknown,unknown,unknown,unknown,unknown
0.38727,0.21503,0.19134,0,mid 0.5-1.5m,unknown,unknown,unknown,unknown,unknown,unknown
-0.33034,-0.12492,0.18616,0,mid 0.5-1.5m,unknown,unknown,unknown,unknown,unknown,unknown
-0.08224,-0.23443,0.2063,0,mid 0.5-1.5m,unknown,unknown,unknown,unknown,unknown,unknown
-0.48112,-0.07763,0.17621,0,mid 0.5-1.5m,unknown,unknown,unknown,unknown,unknown,unknown
-0.50869,-0.06107,0.17063,0,mid 0.5-1.5m,unknown,unknown,unknown,unknown,unknown,unknown
-0.63209,-0.04741,0.1577,0,mid 0.5-1.5m,unknown,unknown,unknown,unknown,unknown,unknown
-0.64539,-0.0087,0.16273,0,mid 0.5-1.5m,unknown,unknown,unknown,unknown,unknown,unknown
-0.74778,-0.01167,0.1498,0,mid 0.5-1.5m,unknown,unknown,unknown,unknown,unknown,unknown
-0.79544,0.13881,0.13969,0,mid 0.5-1.5m,unknown,unknown,unknown,unknown,unknown,unknown
-0.8386,0.19995,0.13636,0,mid 0.5-1.5m,unknown,unknown,unknown,unknown,unknown,unknown
-0.95564,0.24952,0.11987,0,mid 0.5-1.5m,unknown,unknown,unknown,unknown,unknown,unknown
-0.5643,0.47416,0.13267,0,mid 0.5-1.5m,unknown,unknown,unknown,unknown,unknown,unknown
0.32335,0.59886,0.15876,0,mid 0.5-1.5m,unknown,unknown,unknown,unknown,unknown,unknown
0.48836,0.4743,0.15277,0,mid 0.5-1.5m,unknown,unknown,unknown,unknown,unknown,unknown
0.65583,0.40846,0.14308,0,mid 0.5-1.5m,unknown,unknown,unknown,unknown,unknown,unknown
0.77659,0.22591,0.15031,0,mid 0.5-1.5m,unknown,unknown,unknown,unknown,unknown,unknown
0.7983,0.16939,0.15076,0,mid 0.5-1.5m,unknown,unknown,unknown,unknown,unknown,unknown
0.96132,0.08745,0.13128,0,mid 0.5-1.5m,unknown,unknown,unknown,unknown,unknown,unknown
0.98642,0.02425,0.12843,0,mid 0.5-1.5m,unknown,unknown,unknown,unknown,unknown,unknown
0.83813,-0.07222,0.14065,0,mid 0.5-1.5m,unknown,unknown,unknown,unknown,unknown,unknown
0.57082,-0.22341,0.16307,0,mid 0.5-1.5m,unknown,unknown,unknown,unknown,unknown,unknown
0.48207,-0.27648,0.17347,0,mid 0.5-1.5m,unknown,unknown,unknown,unknown,unknown,unknown
0.41785,-0.30144,0.1755,0,mid 0.5-1.5m,unknown,unknown,unknown,unknown,unknown,unknown
-0.04566,0.13416,0.2634,1,near <0.5m,unknown,unknown,unknown,unknown,unknown,unknown
-0.04582,0.13581,0.26422,1,near <0.5m,unknown,unknown,unknown,unknown,unknown,unknown
-0.05896,0.13198,0.26391,1,near <0.5m,unknown,unknown,unknown,unknown,unknown,unknown
-0.05698,0.13289,0.26368,1,near <0.5m,unknown,unknown,unknown,unknown,unknown,unknown
-0.05837,0.13638,0.26346,1,near <0.5m,unknown,unknown,unknown,unknown,unknown,unknown
-0.04672,0.1315,0.26475,1,near <0.5m,unknown,unknown,unknown,unknown,unknown,unknown
-0.0348,0.13274,0.26364,1,near <0.5m,unknown,unknown,unknown,unknown,unknown,unknown
-0.01856,0.12638,0.26398,1,near <0.5m,unknown,unknown,unknown,unknown,unknown,unknown
-0.07105,0.12825,0.26246,1,near <0.5m,unknown,unknown,unknown,unknown,unknown,unknown
-0.04958,0.12952,0.2644,1,near <0.5m,unknown,unknown,unknown,unknown,unknown,unknown
-0.02723,0.13954,0.26213,1,near <0.5m,unknown,unknown,unknown,unknown,unknown,unknown
-0.03871,0.13609,0.25976,1,near <0.5m,unknown,unknown,unknown,unknown,unknown,unknown
-0.04968,0.13264,0.26148,1,near <0.5m,unknown,unknown,unknown,unknown,unknown,unknown
-0.06414,0.12311,0.2612,1,near <0.5m,unknown,unknown,unknown,unknown,unknown,unknown
-0.08355,0.12203,0.26058,1,near <0.5m,unknown,unknown,unknown,unknown,unknown,unknown
-0.04509,0.15786,0.26541,1,near <0.5m,unknown,unknown,unknown,unknown,unknown,unknown
0.00688,0.15875,0.26492,1,near <0.5m,unknown,unknown,unknown,unknown,unknown,unknown
0.02868,0.16638,0.26784,1,near <0.5m,unknown,unknown,unknown,unknown,unknown,unknown
0.04439,0.14988,0.26335,1,near <0.5m,unknown,unknown,unknown,unknown,unknown,unknown
-0.00564,0.13995,0.26526,1,near <0.5m,unknown,unknown,unknown,unknown,unknown,unknown
-0.06359,0.09794,0.26235,1,near <0.5m,unknown,unknown,unknown,unknown,unknown,unknown
-0.07411,0.08601,0.26535,1,near <0.5m,unknown,unknown,unknown,unknown,unknown,unknown
-0.10163,0.09055,0.26259,1,near <0.5m,unknown,unknown,unknown,unknown,unknown,unknown
-0.09052,0.08658,0.26517,1,near <0.5m,unknown,unknown,unknown,unknown,unknown,unknown
-0.03798,0.10763,0.26574,1,near <0.5m,unknown,unknown,unknown,unknown,unknown,unknown
-0.05748,0.10538,0.26832,1,near <0.5m,unknown,unknown,unknown,unknown,unknown,unknown
-0.06546,0.1149,0.2691,1,near <0.5m,unknown,unknown,unknown,unknown,unknown,unknown
-0.05842,0.11996,0.27122,1,near <0.5m,unknown,unknown,unknown,unknown,unknown,unknown
-0.03518,0.11571,0.26948,1,near <0.5m,unknown,unknown,unknown,unknown,unknown,unknown
-0.0166,0.12169,0.26976,1,near <0.5m,unknown,unknown,unknown,unknown,unknown,unknown
-0.00812,0.1246,0.26971,1,near <0.5m,unknown,unknown,unknown,unknown,unknown,unknown
-0.00874,0.12625,0.2696,1,near <0.5m,unknown,unknown,unknown,unknown,unknown,unknown
-0.01253,0.13005,0.26829,1,near <0.5m,unknown,unknown,unknown,unknown,unknown,unknown
-0.00834,0.13311,0.26803,1,near <0.5m,unknown,unknown,unknown,unknown,unknown,unknown
-0.08359,0.09108,0.22082,1,mid 0.5-1.5m,unknown,unknown,unknown,unknown,unknown,unknown
-0.06398,0.11739,0.2198,1,mid 0.5-1.5m,unknown,unknown,unknown,unknown,unknown,unknown
-0.0663,0.14251,0.2201,1,mid 0.5-1.5m,unknown,unknown,unknown,unknown,unknown,unknown
-0.05485,0.11124,0.22101,1,mid 0.5-1.5m,unknown,unknown,unknown,unknown,unknown,unknown
0.00354,0.10064,0.21913,1,mid 0.5-1.5m,unknown,unknown,unknown,unknown,unknown,unknown
-0.00356,0.10307,0.22513,1,mid 0.5-1.5m,unknown,unknown,unknown,unknown,unknown,unknown
-0.07383,0.10195,0.21211,1,mid 0.5-1.5m,unknown,unknown,unknown,unknown,unknown,unknown
-0.12184,0.11321,0.16737,1,mid 0.5-1.5m,unknown,unknown,unknown,unknown,unknown,unknown
-0.19756,0.0708,0.21795,1,mid 0.5-1.5m,unknown,unknown,unknown,unknown,unknown,unknown
-0.05307,0.14371,0.2132,1,mid 0.5-1.5m,unknown,unknown,unknown,unknown,unknown,unknown
-0.05186,0.11551,0.2159,1,mid 0.5-1.5m,unknown,unknown,unknown,unknown,unknown,unknown
-0.03542,0.11624,0.21896,1,mid 0.5-1.5m,unknown,unknown,unknown,unknown,unknown,unknown
-0.03821,0.11999,0.21968,1,mid 0.5-1.5m,unknown,unknown,unknown,unknown,unknown,unknown
-0.03562,0.11892,0.2194,1,mid 0.5-1.5m,unknown,unknown,unknown,unknown,unknown,unknown
-0.05657,0.11414,0.21493,1,mid 0.5-1.5m,unknown,unknown,unknown,unknown,unknown,unknown
-0.06797,0.10313,0.21396,1,mid 0.5-1.5m,unknown,unknown,unknown,unknown,unknown,unknown
-0.05165,0.11071,0.21557,1,mid 0.5-1.5m,unknown,unknown,unknown,unknown,unknown,unknown
-0.06091,0.10043,0.21234,1,mid 0.5-1.5m,unknown,unknown,unknown,unknown,unknown,unknown
-0.07262,0.10046,0.21229,1,mid 0.5-1.5m,unknown,unknown,unknown,unknown,unknown,unknown
-0.06559,0.10241,0.21251,1,mid 0.5-1.5m,unknown,unknown,unknown,unknown,unknown,unknown
-0.06368,0.09886,0.21438,1,mid 0.5-1.5m,unknown,unknown,unknown,unknown,unknown,unknown
-0.05591,0.11248,0.21543,1,mid 0.5-1.5m,unknown,unknown,unknown,unknown,unknown,unknown
-0.04386,0.09885,0.21893,1,mid 0.5-1.5m,unknown,unknown,unknown,unknown,unknown,unknown
-0.02162,0.1025,0.22212,1,mid 0.5-1.5m,unknown,unknown,unknown,unknown,unknown,unknown
0.00204,0.12476,0.21942,1,mid 0.5-1.5m,unknown,unknown,unknown,unknown,unknown,unknown
0.00484,0.12987,0.22192,1,mid 0.5-1.5m,unknown,unknown,unknown,unknown,unknown,unknown
0.00966,0.10263,0.22265,1,mid 0.5-1.5m,unknown,unknown,unknown,unknown,unknown,unknown
0.04528,0.12006,0.22315,1,mid 0.5-1.5m,unknown,unknown,unknown,unknown,unknown,unknown
0.01704,0.13016,0.21743,1,mid 0.5-1.5m,unknown,unknown,unknown,unknown,unknown,unknown
-0.08127,0.21345,0.2122,1,mid 0.5-1.5m,unknown,unknown,unknown,unknown,unknown,unknown
-0.05373,0.12088,0.21862,1,mid 0.5-1.5m,unknown,unknown,unknown,unknown,unknown,unknown
-0.06035,0.12466,0.21679,1,mid 0.5-1.5m,unknown,unknown,unknown,unknown,unknown,unknown
-0.05854,0.11229,0.22,1,mid 0.5-1.5m,unknown,unknown,unknown,unknown,unknown,unknown
-0.03695,0.07335,0.21696,1,mid 0.5-1.5m,unknown,unknown,unknown,unknown,unknown,unknown
-0.02022,0.10662,0.21276,1,mid 0.5-1.5m,unknown,unknown,unknown,unknown,unknown,unknown
-0.02613,0.12411,0.21132,1,mid 0.5-1.5m,unknown,unknown,unknown,unknown,unknown,unknown
-0.04031,0.11958,0.2119,1,mid 0.5-1.5m,unknown,unknown,unknown,unknown,unknown,unknown
-0.04896,0.12023,0.21499,1,mid 0.5-1.5m,unknown,unknown,unknown,unknown,unknown,unknown
-0.07581,0.11479,0.2217,1,mid 0.5-1.5m,unknown,unknown,unknown,unknown,unknown,unknown
-0.04486,0.11353,0.21654,1,mid 0.5-1.5m,unknown,unknown,unknown,unknown,unknown,unknown
-0.03797,0.11409,0.21529,1,mid 0.5-1.5m,unknown,unknown,unknown,unknown,unknown,unknown
-0.0313,0.11623,0.21608,1,mid 0.5-1.5m,unknown,unknown,unknown,unknown,unknown,unknown
-0.03534,0.10797,0.21585,1,mid 0.5-1.5m,unknown,unknown,unknown,unknown,unknown,unknown
-1.08189,0.15834,0.14588,0,mid 0.5-1.5m,unknown,unknown,unknown,unknown,unknown,unknown
-0.25893,0.23397,0.23326,0,mid 0.5-1.5m,unknown,unknown,unknown,unknown,unknown,unknown
0.13869,-0.23004,0.23818,0,mid 0.5-1.5m,unknown,unknown,unknown,unknown,unknown,unknown
0.13969,-0.20955,0.23901,0,mid 0.5-1.5m,unknown,unknown,unknown,unknown,unknown,unknown
0.18151,-0.1418,0.23912,0,mid 0.5-1.5m,unknown,unknown,unknown,unknown,unknown,unknown
0.11999,-0.03754,0.25271,0,near <0.5m,unknown,unknown,unknown,unknown,unknown,unknown
-0.00345,0.07373,0.20132,1,mid 0.5-1.5m,unknown,unknown,unknown,unknown,unknown,unknown
0.00572,0.05413,0.20241,1,mid 0.5-1.5m,unknown,unknown,unknown,unknown,unknown,unknown
0.01906,0.05739,0.20132,1,mid 0.5-1.5m,unknown,unknown,unknown,unknown,unknown,unknown
0.01552,0.06121,0.20133,1,mid 0.5-1.5m,unknown,unknown,unknown,unknown,unknown,unknown
0.02255,0.06566,0.20155,1,mid 0.5-1.5m,unknown,unknown,unknown,unknown,unknown,unknown
0.02066,0.06604,0.20209,1,mid 0.5-1.5m,unknown,unknown,unknown,unknown,unknown,unknown
0.02924,0.06543,0.20158,1,mid 0.5-1.5m,unknown,unknown,unknown,unknown,unknown,unknown
0.01915,0.06655,0.19981,1,mid 0.5-1.5m,unknown,unknown,unknown,unknown,unknown,unknown
0.02287,0.05986,0.20019,1,mid 0.5-1.5m,unknown,unknown,unknown,unknown,unknown,unknown
0.01816,0.05129,0.20065,1,mid 0.5-1.5m,unknown,unknown,unknown,unknown,unknown,unknown
0.01671,0.052,0.20025,1,mid 0.5-1.5m,unknown,unknown,unknown,unknown,unknown,unknown
0.01393,0.05017,0.2023,1,mid 0.5-1.5m,unknown,unknown,unknown,unknown,unknown,unknown
0.0067,0.05222,0.20076,1,mid 0.5-1.5m,unknown,unknown,unknown,unknown,unknown,unknown
0.01482,0.03946,0.19944,1,mid 0.5-1.5m,unknown,unknown,unknown,unknown,unknown,unknown
0.01448,0.04337,0.20031,1,mid 0.5-1.5m,unknown,unknown,unknown,unknown,unknown,unknown
0.01452,0.05763,0.20098,1,mid 0.5-1.5m,unknown,unknown,unknown,unknown,unknown,unknown
0.01383,0.05117,0.20172,1,mid 0.5-1.5m,unknown,unknown,unknown,unknown,unknown,unknown
0.01491,0.04265,0.19961,1,mid 0.5-1.5m,unknown,unknown,unknown,unknown,unknown,unknown
0.0206,0.04041,0.20017,1,mid 0.5-1.5m,unknown,unknown,unknown,unknown,unknown,unknown
0.01542,0.04245,0.20146,1,mid 0.5-1.5m,unknown,unknown,unknown,unknown,unknown,unknown
-0.00261,0.0411,0.20029,1,mid 0.5-1.5m,unknown,unknown,unknown,unknown,unknown,unknown
-0.00251,0.04805,0.20073,1,mid 0.5-1.5m,unknown,unknown,unknown,unknown,unknown,unknown
0.00219,0.03626,0.20014,1,mid 0.5-1.5m,unknown,unknown,unknown,unknown,unknown,unknown
0.00433,0.05346,0.20196,1,mid 0.5-1.5m,unknown,unknown,unknown,unknown,unknown,unknown
0.00611,0.05486,0.20168,1,mid 0.5-1.5m,unknown,unknown,unknown,unknown,unknown,unknown
0.00411,0.04798,0.20115,1,mid 0.5-1.5m,unknown,unknown,unknown,unknown,unknown,unknown
0.01166,0.05031,0.20241,1,mid 0.5-1.5m,unknown,unknown,unknown,unknown,unknown,unknown
0.005,0.05084,0.2027,1,mid 0.5-1.5m,unknown,unknown,unknown,unknown,unknown,unknown
0.01098,0.05768,0.20391,1,mid 0.5-1.5m,unknown,unknown,unknown,unknown,unknown,unknown
0.00824,0.04059,0.19957,1,mid 0.5-1.5m,unknown,unknown,unknown,unknown,unknown,unknown
0.00519,0.16658,0.20678,1,mid 0.5-1.5m,unknown,unknown,unknown,unknown,unknown,unknown
0.01888,0.049,0.20225,1,mid 0.5-1.5m,unknown,unknown,unknown,unknown,unknown,unknown
0.00633,0.05052,0.204,1,mid 0.5-1.5m,unknown,unknown,unknown,unknown,unknown,unknown
0.00365,0.05518,0.20261,1,mid 0.5-1.5m,unknown,unknown,unknown,unknown,unknown,unknown
0.00639,0.04535,0.20244,1,mid 0.5-1.5m,unknown,unknown,unknown,unknown,unknown,unknown
0.003,0.03075,0.20106,1,mid 0.5-1.5m,unknown,unknown,unknown,unknown,unknown,unknown
0.0159,0.03707,0.20125,1,mid 0.5-1.5m,unknown,unknown,unknown,unknown,unknown,unknown
0.01463,0.04384,0.20306,1,mid 0.5-1.5m,unknown,unknown,unknown,unknown,unknown,unknown
0.01051,0.04057,0.20224,1,mid 0.5-1.5m,unknown,unknown,unknown,unknown,unknown,unknown
0.00879,0.04316,0.20226,1,mid 0.5-1.5m,unknown,unknown,unknown,unknown,unknown,unknown
0.00224,0.04699,0.203,1,mid 0.5-1.5m,unknown,unknown,unknown,unknown,unknown,unknown
0.00375,0.04408,0.20337,1,mid 0.5-1.5m,unknown,unknown,unknown,unknown,unknown,unknown
0.01224,0.04817,0.20206,1,mid 0.5-1.5m,unknown,unknown,unknown,unknown,unknown,unknown
0.01075,0.04936,0.20251,1,mid 0.5-1.5m,unknown,unknown,unknown,unknown,unknown,unknown
0.02284,0.04139,0.20302,1,mid 0.5-1.5m,unknown,unknown,unknown,unknown,unknown,unknown
0.0171,0.05397,0.20448,1,mid 0.5-1.5m,unknown,unknown,unknown,unknown,unknown,unknown
0.01659,0.06193,0.20349,1,mid 0.5-1.5m,unknown,unknown,unknown,unknown,unknown,unknown
0.01054,0.05483,0.2031,1,mid 0.5-1.5m,unknown,unknown,unknown,unknown,unknown,unknown
0.01381,0.05276,0.20166,1,mid 0.5-1.5m,unknown,unknown,unknown,unknown,unknown,unknown
0.01749,0.05514,0.20254,1,mid 0.5-1.5m,unknown,unknown,unknown,unknown,unknown,unknown
0.01342,0.03178,0.1901,1,mid 0.5-1.5m,unknown,unknown,unknown,unknown,unknown,unknown
0.02316,0.04361,0.18745,1,mid 0.5-1.5m,unknown,unknown,unknown,unknown,unknown,unknown
0.02447,0.0481,0.18953,1,mid 0.5-1.5m,unknown,unknown,unknown,unknown,unknown,unknown
0.01872,0.0521,0.19276,1,mid 0.5-1.5m,unknown,unknown,unknown,unknown,unknown,unknown
0.01361,0.02131,0.19109,1,mid 0.5-1.5m,unknown,unknown,unknown,unknown,unknown,unknown
0.00483,0.01727,0.20046,1,mid 0.5-1.5m,unknown,unknown,unknown,unknown,unknown,unknown
0.005,0.01153,0.20436,1,mid 0.5-1.5m,unknown,unknown,unknown,unknown,unknown,unknown
0.02005,0.00962,0.22108,1,mid 0.5-1.5m,unknown,unknown,unknown,unknown,unknown,unknown
-0.0091,0.00217,0.21037,1,mid 0.5-1.5m,unknown,unknown,unknown,unknown,unknown,unknown
-0.0291,0.00481,0.21236,1,mid 0.5-1.5m,unknown,unknown,unknown,unknown,unknown,unknown
-0.00821,0.01777,0.21307,1,mid 0.5-1.5m,unknown,unknown,unknown,unknown,unknown,unknown
0.05769,0.03237,0.20665,1,mid 0.5-1.5m,unknown,unknown,unknown,unknown,unknown,unknown
0.06912,0.01877,0.20908,1,mid 0.5-1.5m,unknown,unknown,unknown,unknown,unknown,unknown
0.05497,0.01923,0.20747,1,mid 0.5-1.5m,unknown,unknown,unknown,unknown,unknown,unknown
0.03681,0.03294,0.20926,1,mid 0.5-1.5m,unknown,unknown,unknown,unknown,unknown,unknown
0.02425,0.03804,0.20888,1,mid 0.5-1.5m,unknown,unknown,unknown,unknown,unknown,unknown
0.01573,0.03623,0.21021,1,mid 0.5-1.5m,unknown,unknown,unknown,unknown,unknown,unknown
0.00667,0.03109,0.20943,1,mid 0.5-1.5m,unknown,unknown,unknown,unknown,unknown,unknown
0.00338,0.02742,0.2093,1,mid 0.5-1.5m,unknown,unknown,unknown,unknown,unknown,unknown
0.00698,0.04723,0.20978,1,mid 0.5-1.5m,unknown,unknown,unknown,unknown,unknown,unknown
0.01324,0.05138,0.18799,1,mid 0.5-1.5m,unknown,unknown,unknown,unknown,unknown,unknown
0.01463,0.05438,0.18985,1,mid 0.5-1.5m,unknown,unknown,unknown,unknown,unknown,unknown
0.01593,0.07113,0.18966,1,mid 0.5-1.5m,unknown,unknown,unknown,unknown,unknown,unknown
0.0103,0.07897,0.18895,1,mid 0.5-1.5m,unknown,unknown,unknown,unknown,unknown,unknown
0.00501,0.07256,0.18923,1,mid 0.5-1.5m,unknown,unknown,unknown,unknown,unknown,unknown
0.00589,0.07123,0.18827,1,mid 0.5-1.5m,unknown,unknown,unknown,unknown,unknown,unknown
0.01162,0.074,0.18821,1,mid 0.5-1.5m,unknown,unknown,unknown,unknown,unknown,unknown
0.01043,0.0809,0.18853,1,mid 0.5-1.5m,unknown,unknown,unknown,unknown,unknown,unknown
0.01974,0.0664,0.18851,1,mid 0.5-1.5m,unknown,unknown,unknown,unknown,unknown,unknown
0.0423,0.06708,0.18864,1,mid 0.5-1.5m,unknown,unknown,unknown,unknown,unknown,unknown
0.04209,0.0909,0.18923,1,mid 0.5-1.5m,unknown,unknown,unknown,unknown,unknown,unknown
0.0285,0.10185,0.19006,1,mid 0.5-1.5m,unknown,unknown,unknown,unknown,unknown,unknown
0.02594,0.10096,0.19029,1,mid 0.5-1.5m,unknown,unknown,unknown,unknown,unknown,unknown
0.02653,0.1063,0.19074,1,mid 0.5-1.5m,unknown,unknown,unknown,unknown,unknown,unknown
0.02541,0.10638,0.19145,1,mid 0.5-1.5m,unknown,unknown,unknown,unknown,unknown,unknown
0.01698,0.11501,0.19246,1,mid 0.5-1.5m,unknown,unknown,unknown,unknown,unknown,unknown
0.03159,0.13056,0.19342,1,mid 0.5-1.5m,unknown,unknown,unknown,unknown,unknown,unknown
0.03416,0.13715,0.1951,1,mid 0.5-1.5m,unknown,unknown,unknown,unknown,unknown,unknown
-0.00801,0.12369,0.19443,1,mid 0.5-1.5m,unknown,unknown,unknown,unknown,unknown,unknown
0.02712,0.12869,0.19397,1,mid 0.5-1.5m,unknown,unknown,unknown,unknown,unknown,unknown
0.04039,0.1491,0.19327,1,mid 0.5-1.5m,unknown,unknown,unknown,unknown,unknown,unknown
0.03747,0.14894,0.1946,1,mid 0.5-1.5m,unknown,unknown,unknown,unknown,unknown,unknown
0.03704,0.1479,0.19371,1,mid 0.5-1.5m,unknown,unknown,unknown,unknown,unknown,unknown
0.05255,0.1262,0.19436,1,mid 0.5-1.5m,unknown,unknown,unknown,unknown,unknown,unknown
0.02258,0.0642,0.19427,1,mid 0.5-1.5m,unknown,unknown,unknown,unknown,unknown,unknown
0.00792,0.03049,0.19101,1,mid 0.5-1.5m,unknown,unknown,unknown,unknown,unknown,unknown
0.00868,0.05476,0.19033,1,mid 0.5-1.5m,unknown,unknown,unknown,unknown,unknown,unknown
0.01017,0.07267,0.18876,1,mid 0.5-1.5m,unknown,unknown,unknown,unknown,unknown,unknown
0.01586,0.08786,0.18927,1,mid 0.5-1.5m,unknown,unknown,unknown,unknown,unknown,unknown
0.01364,0.09102,0.18863,1,mid 0.5-1.5m,unknown,unknown,unknown,unknown,unknown,unknown
0.01376,0.08067,0.18949,1,mid 0.5-1.5m,unknown,unknown,unknown,unknown,unknown,unknown
0.01753,0.09695,0.18816,1,mid 0.5-1.5m,unknown,unknown,unknown,unknown,unknown,unknown
0.01397,0.10385,0.18881,1,mid 0.5-1.5m,unknown,unknown,unknown,unknown,unknown,unknown
0.00966,0.08194,0.18797,1,mid 0.5-1.5m,unknown,unknown,unknown,unknown,unknown,unknown
0.01106,0.08991,0.1897,1,mid 0.5-1.5m,unknown,unknown,unknown,unknown,unknown,unknown
0.01989,0.05723,0.19013,1,mid 0.5-1.5m,unknown,unknown,unknown,unknown,unknown,unknown
0.02592,0.04212,0.18825,1,mid 0.5-1.5m,unknown,unknown,unknown,unknown,unknown,unknown
0.03141,0.03583,0.1901,1,mid 0.5-1.5m,unknown,unknown,unknown,unknown,unknown,unknown
0.02438,0.02961,0.18954,1,mid 0.5-1.5m,unknown,unknown,unknown,unknown,unknown,unknown
0.01351,0.01811,0.18937,1,mid 0.5-1.5m,unknown,unknown,unknown,unknown,unknown,unknown
0.00613,0.01183,0.18918,1,mid 0.5-1.5m,unknown,unknown,unknown,unknown,unknown,unknown
0.00399,0.02217,0.18809,1,mid 0.5-1.5m,unknown,unknown,unknown,unknown,unknown,unknown
0.00471,0.0273,0.18842,1,mid 0.5-1.5m,unknown,unknown,unknown,unknown,unknown,unknown
0.00206,0.03605,0.18972,1,mid 0.5-1.5m,unknown,unknown,unknown,unknown,unknown,unknown
0.00935,0.0409,0.18741,1,mid 0.5-1.5m,unknown,unknown,unknown,unknown,unknown,unknown
0.01212,0.04124,0.18861,1,mid 0.5-1.5m,unknown,unknown,unknown,unknown,unknown,unknown
0.01193,0.04374,0.18785,1,mid 0.5-1.5m,unknown,unknown,unknown,unknown,unknown,unknown
0.01136,0.03581,0.18736,1,mid 0.5-1.5m,unknown,unknown,unknown,unknown,unknown,unknown
0.01426,0.03652,0.18817,1,mid 0.5-1.5m,unknown,unknown,unknown,unknown,unknown,unknown
0.02345,0.05569,0.18904,1,mid 0.5-1.5m,unknown,unknown,unknown,unknown,unknown,unknown
0.02149,0.04499,0.1891,1,mid 0.5-1.5m,unknown,unknown,unknown,unknown,unknown,unknown
-0.01947,0.02174,0.19012,1,mid 0.5-1.5m,unknown,unknown,unknown,unknown,unknown,unknown
-0.00238,0.03787,0.19077,1,mid 0.5-1.5m,unknown,unknown,unknown,unknown,unknown,unknown
0.01101,0.05496,0.19185,1,mid 0.5-1.5m,unknown,unknown,unknown,unknown,unknown,unknown
0.02008,0.05651,0.19254,1,mid 0.5-1.5m,unknown,unknown,unknown,unknown,unknown,unknown
0.01324,0.05738,0.19318,1,mid 0.5-1.5m,unknown,unknown,unknown,unknown,unknown,unknown
0.01049,0.05668,0.19091,1,mid 0.5-1.5m,unknown,unknown,unknown,unknown,unknown,unknown
0.00859,0.05668,0.18892,1,mid 0.5-1.5m,unknown,unknown,unknown,unknown,unknown,unknown
0.02624,0.05615,0.18909,1,mid 0.5-1.5m,unknown,unknown,unknown,unknown,unknown,unknown
0.02721,0.05944,0.18642,1,mid 0.5-1.5m,unknown,unknown,unknown,unknown,unknown,unknown
0.02414,0.04748,0.18739,1,mid 0.5-1.5m,unknown,unknown,unknown,unknown,unknown,unknown
0.01626,0.04693,0.18664,1,mid 0.5-1.5m,unknown,unknown,unknown,unknown,unknown,unknown
0.01308,0.05894,0.18627,1,mid 0.5-1.5m,unknown,unknown,unknown,unknown,unknown,unknown
0.01065,0.06279,0.1875,1,mid 0.5-1.5m,unknown,unknown,unknown,unknown,unknown,unknown
0.01269,0.05839,0.1881,1,mid 0.5-1.5m,unknown,unknown,unknown,unknown,unknown,unknown
0.00969,0.05346,0.18758,1,mid 0.5-1.5m,unknown,unknown,unknown,unknown,unknown,unknown
0.00848,0.06117,0.1867,1,mid 0.5-1.5m,unknown,unknown,unknown,unknown,unknown,unknown
-0.00342,-0.36757,0.21163,0,mid 0.5-1.5m,unknown,unknown,unknown,unknown,unknown,unknown
-0.07005,-0.30371,0.21522,0,mid 0.5-1.5m,unknown,unknown,unknown,unknown,unknown,unknown
-0.06117,-0.33944,0.21615,0,mid 0.5-1.5m,unknown,unknown,unknown,unknown,unknown,unknown
-0.17975,-0.32812,0.21515,0,mid 0.5-1.5m,unknown,unknown,unknown,unknown,unknown,unknown
-0.27006,-0.24063,0.20894,0,mid 0.5-1.5m,unknown,unknown,unknown,unknown,unknown,unknown
-0.37101,-0.23018,0.20564,0,mid 0.5-1.5m,unknown,unknown,unknown,unknown,unknown,unknown
-0.48195,-0.18306,0.19428,0,mid 0.5-1.5m,unknown,unknown,unknown,unknown,unknown,unknown
-0.578,-0.13091,0.18371,0,mid 0.5-1.5m,unknown,unknown,unknown,unknown,unknown,unknown
-0.62425,-0.08902,0.18184,0,mid 0.5-1.5m,unknown,unknown,unknown,unknown,unknown,unknown
-0.67362,-0.07907,0.17305,0,mid 0.5-1.5m,unknown,unknown,unknown,unknown,unknown,unknown
-0.74026,-0.01929,0.16867,0,mid 0.5-1.5m,unknown,unknown,unknown,unknown,unknown,unknown
-0.82663,-0.0037,0.15885,0,mid 0.5-1.5m,unknown,unknown,unknown,unknown,unknown,unknown
-0.89326,0.03047,0.15019,0,mid 0.5-1.5m,unknown,unknown,unknown,unknown,unknown,unknown
-0.92344,0.05061,0.14666,0,mid 0.5-1.5m,unknown,unknown,unknown,unknown,unknown,unknown
-0.85835,0.07657,0.15322,0,mid 0.5-1.5m,unknown,unknown,unknown,unknown,unknown,unknown
-0.9009,0.09645,0.15077,0,mid 0.5-1.5m,unknown,unknown,unknown,unknown,unknown,unknown
-0.90762,0.1217,0.14424,0,mid 0.5-1.5m,unknown,unknown,unknown,unknown,unknown,unknown
-0.8353,0.16848,0.15454,0,mid 0.5-1.5m,unknown,unknown,unknown,unknown,unknown,unknown
-0.75635,0.18927,0.16716,0,mid 0.5-1.5m,unknown,unknown,unknown,unknown,unknown,unknown
-0.77647,0.22718,0.16215,0,mid 0.5-1.5m,unknown,unknown,unknown,unknown,unknown,unknown
-0.65514,0.25157,0.16777,0,mid 0.5-1.5m,unknown,unknown,unknown,unknown,unknown,unknown
-0.57127,0.28952,0.17905,0,mid 0.5-1.5m,unknown,unknown,unknown,unknown,unknown,unknown
-0.4743,0.33592,0.18793,0,mid 0.5-1.5m,unknown,unknown,unknown,unknown,unknown,unknown
-0.40707,0.40155,0.19044,0,mid 0.5-1.5m,unknown,unknown,unknown,unknown,unknown,unknown
-0.41342,0.40112,0.19012,0,mid 0.5-1.5m,unknown,unknown,unknown,unknown,unknown,unknown
-0.29016,0.41585,0.20325,0,mid 0.5-1.5m,unknown,unknown,unknown,unknown,unknown,unknown
-0.2573,0.43134,0.20519,0,mid 0.5-1.5m,unknown,unknown,unknown,unknown,unknown,unknown
-0.23441,0.41939,0.20675,0,mid 0.5-1.5m,unknown,unknown,unknown,unknown,unknown,unknown
-0.21112,0.41168,0.20994,0,mid 0.5-1.5m,unknown,unknown,unknown,unknown,unknown,unknown
-0.16925,0.42505,0.21668,0,mid 0.5-1.5m,unknown,unknown,unknown,unknown,unknown,unknown
-0.12508,0.42637,0.22379,0,mid 0.5-1.5m,unknown,unknown,unknown,unknown,unknown,unknown
-0.01081,0.43232,0.23008,0,mid 0.5-1.5m,unknown,unknown,unknown,unknown,unknown,unknown
0.04483,0.43026,0.22812,0,mid 0.5-1.5m,unknown,unknown,unknown,unknown,unknown,unknown
0.08533,0.44052,0.23019,0,mid 0.5-1.5m,unknown,unknown,unknown,unknown,unknown,unknown
0.15286,0.42221,0.22155,0,mid 0.5-1.5m,unknown,unknown,unknown,unknown,unknown,unknown
0.2462,0.38208,0.21151,0,mid 0.5-1.5m,unknown,unknown,unknown,unknown,unknown,unknown
0.29008,0.37308,0.20447,0,mid 0.5-1.5m,unknown,unknown,unknown,unknown,unknown,unknown
0.29763,0.37137,0.20043,0,mid 0.5-1.5m,unknown,unknown,unknown,unknown,unknown,unknown
0.48709,0.3707,0.18259,0,mid 0.5-1.5m,unknown,unknown,unknown,unknown,unknown,unknown
0.50671,0.36815,0.1773,0,mid 0.5-1.5m,unknown,unknown,unknown,unknown,unknown,unknown
0.66271,0.38424,0.16482,0,mid 0.5-1.5m,unknown,unknown,unknown,unknown,unknown,unknown
0.66655,0.33975,0.16455,0,mid 0.5-1.5m,unknown,unknown,unknown,unknown,unknown,unknown
0.75834,0.24878,0.16375,0,mid 0.5-1.5m,unknown,unknown,unknown,unknown,unknown,unknown
0.68316,0.21585,0.1687,0,mid 0.5-1.5m,unknown,unknown,unknown,unknown,unknown,unknown
0.75649,0.19025,0.15878,0,mid 0.5-1.5m,unknown,unknown,unknown,unknown,unknown,unknown
0.80923,0.18003,0.1586,0,mid 0.5-1.5m,unknown,unknown,unknown,unknown,unknown,unknown
0.86936,0.1509,0.14928,0,mid 0.5-1.5m,unknown,unknown,unknown,unknown,unknown,unknown
0.93861,0.11581,0.14528,0,mid 0.5-1.5m,unknown,unknown,unknown,unknown,unknown,unknown
0.87593,0.10103,0.15056,0,mid 0.5-1.5m,unknown,unknown,unknown,unknown,unknown,unknown
1.13298,0.05601,0.12971,0,mid 0.5-1.5m,unknown,unknown,unknown,unknown,unknown,unknown
1.18136,0.06846,0.12349,0,mid 0.5-1.5m,unknown,unknown,unknown,unknown,unknown,unknown
1.25566,0.0619,0.11718,0,mid 0.5-1.5m,unknown,unknown,unknown,unknown,unknown,unknown
1.2919,0.05126,0.11569,0,mid 0.5-1.5m,unknown,unknown,unknown,unknown,unknown,unknown
1.29423,0.0118,0.11253,0,mid 0.5-1.5m,unknown,unknown,unknown,unknown,unknown,unknown
1.16755,-0.00477,0.12315,0,mid 0.5-1.5m,unknown,unknown,unknown,unknown,unknown,unknown
1.27869,-0.0283,0.11569,0,mid 0.5-1.5m,unknown,unknown,unknown,unknown,unknown,unknown
1.01403,-0.05701,0.13444,0,mid 0.5-1.5m,unknown,unknown,unknown,unknown,unknown,unknown
0.96789,-0.07883,0.13871,0,mid 0.5-1.5m,unknown,unknown,unknown,unknown,unknown,unknown
0.87175,-0.09791,0.1498,0,mid 0.5-1.5m,unknown,unknown,unknown,unknown,unknown,unknown
0.93043,-0.13751,0.13899,0,mid 0.5-1.5m,unknown,unknown,unknown,unknown,unknown,unknown
0.83812,-0.18657,0.15208,0,mid 0.5-1.5m,unknown,unknown,unknown,unknown,unknown,unknown
0.57815,-0.23255,0.1796,0,mid 0.5-1.5m,unknown,unknown,unknown,unknown,unknown,unknown
0.49513,-0.24561,0.18688,0,mid 0.5-1.5m,unknown,unknown,unknown,unknown,unknown,unknown
0.4254,-0.28844,0.17782,0,mid 0.5-1.5m,unknown,unknown,unknown,unknown,unknown,unknown
0.23112,-0.33181,0.19301,0,mid 0.5-1.5m,unknown,unknown,unknown,unknown,unknown,unknown
0.14097,-0.38477,0.20181,0,mid 0.5-1.5m,unknown,unknown,unknown,unknown,unknown,unknown
0.12521,-0.45075,0.19938,0,mid 0.5-1.5m,unknown,unknown,unknown,unknown,unknown,unknown
0.09562,-0.45037,0.21529,0,mid 0.5-1.5m,unknown,unknown,unknown,unknown,unknown,unknown
0.07682,-0.41021,0.21319,0,mid 0.5-1.5m,unknown,unknown,unknown,unknown,unknown,unknown
0.05356,-0.38455,0.2158,0,mid 0.5-1.5m,unknown,unknown,unknown,unknown,unknown,unknown
0.0027,-0.37313,0.20644,0,mid 0.5-1.5m,unknown,unknown,unknown,unknown,unknown,unknown
-0.05847,-0.37239,0.20715,0,mid 0.5-1.5m,unknown,unknown,unknown,unknown,unknown,unknown
-0.11237,-0.42843,0.21155,0,mid 0.5-1.5m,unknown,unknown,unknown,unknown,unknown,unknown
-0.1813,-0.41139,0.20905,0,mid 0.5-1.5m,unknown,unknown,unknown,unknown,unknown,unknown
-0.25925,-0.37466,0.20477,0,mid 0.5-1.5m,unknown,unknown,unknown,unknown,unknown,unknown
-0.35234,-0.29805,0.20125,0,mid 0.5-1.5m,unknown,unknown,unknown,unknown,unknown,unknown
-0.43394,-0.25503,0.19533,0,mid 0.5-1.5m,unknown,unknown,unknown,unknown,unknown,unknown
-0.53728,-0.22064,0.1888,0,mid 0.5-1.5m,unknown,unknown,unknown,unknown,unknown,unknown
-0.54548,-0.2317,0.18882,0,mid 0.5-1.5m,unknown,unknown,unknown,unknown,unknown,unknown
-0.61791,-0.17247,0.17468,0,mid 0.5-1.5m,unknown,unknown,unknown,unknown,unknown,unknown
-0.67705,-0.16235,0.17113,0,mid 0.5-1.5m,unknown,unknown,unknown,unknown,unknown,unknown
-0.92072,-0.04654,0.14957,0,mid 0.5-1.5m,unknown,unknown,unknown,unknown,unknown,unknown
-0.9899,-0.00664,0.14022,0,mid 0.5-1.5m,unknown,unknown,unknown,unknown,unknown,unknown
-1.0063,0.02432,0.13713,0,mid 0.5-1.5m,unknown,unknown,unknown,unknown,unknown,unknown
-1.07165,0.03201,0.13564,0,mid 0.5-1.5m,unknown,unknown,unknown,unknown,unknown,unknown
-1.03645,0.03514,0.13937,0,mid 0.5-1.5m,unknown,unknown,unknown,unknown,unknown,unknown
-1.01768,0.04055,0.1419,0,mid 0.5-1.5m,unknown,unknown,unknown,unknown,unknown,unknown
-1.04902,0.03675,0.14045,0,mid 0.5-1.5m,unknown,unknown,unknown,unknown,unknown,unknown
-1.14133,0.04009,0.13529,0,mid 0.5-1.5m,unknown,unknown,unknown,unknown,unknown,unknown
-1.03525,0.06204,0.14042,0,mid 0.5-1.5m,unknown,unknown,unknown,unknown,unknown,unknown
-1.0013,0.04805,0.14228,0,mid 0.5-1.5m,unknown,unknown,unknown,unknown,unknown,unknown
-1.01292,0.11244,0.13622,0,mid 0.5-1.5m,unknown,unknown,unknown,unknown,unknown,unknown
-0.98494,0.12756,0.13617,0,mid 0.5-1.5m,unknown,unknown,unknown,unknown,unknown,unknown
-0.98427,0.12748,0.13721,0,mid 0.5-1.5m,unknown,unknown,unknown,unknown,unknown,unknown
-1.12756,0.13622,0.13293,0,mid 0.5-1.5m,unknown,unknown,unknown,unknown,unknown,unknown
-1.04684,0.135,0.13817,0,mid 0.5-1.5m,unknown,unknown,unknown,unknown,unknown,unknown
-0.88462,0.15142,0.14878,0,mid 0.5-1.5m,unknown,unknown,unknown,unknown,unknown,unknown
-0.89623,0.17714,0.14854,0,mid 0.5-1.5m,unknown,unknown,unknown,unknown,unknown,unknown
-0.87667,0.17367,0.15043,0,mid 0.5-1.5m,unknown,unknown,unknown,unknown,unknown,unknown
-0.87553,0.18482,0.1481,0,mid 0.5-1.5m,unknown,unknown,unknown,unknown,unknown,unknown
-0.83323,0.21439,0.15254,0,mid 0.5-1.5m,unknown,unknown,unknown,unknown,unknown,unknown
-0.88438,0.2641,0.14704,0,mid 0.5-1.5m,unknown,unknown,unknown,unknown,unknown,unknown
-0.90281,0.26034,0.14369,0,mid 0.5-1.5m,unknown,unknown,unknown,unknown,unknown,unknown
-0.79311,0.29949,0.15211,0,mid 0.5-1.5m,unknown,unknown,unknown,unknown,unknown,unknown
-0.7681,0.29316,0.15222,0,mid 0.5-1.5m,unknown,unknown,unknown,unknown,unknown,unknown
-0.64493,0.35329,0.16254,0,mid 0.5-1.5m,unknown,unknown,unknown,unknown,unknown,unknown
-0.62974,0.33191,0.16152,0,mid 0.5-1.5m,unknown,unknown,unknown,unknown,unknown,unknown
-0.4947,0.40736,0.1728,0,mid 0.5-1.5m,unknown,unknown,unknown,unknown,unknown,unknown
-0.44284,0.42293,0.17833,0,mid 0.5-1.5m,unknown,unknown,unknown,unknown,unknown,unknown
-0.24461,0.45479,0.20705,0,mid 0.5-1.5m,unknown,unknown,unknown,unknown,unknown,unknown
-0.2264,0.46356,0.20788,0,mid 0.5-1.5m,unknown,unknown,unknown,unknown,unknown,unknown
-0.10988,0.47763,0.22035,0,mid 0.5-1.5m,unknown,unknown,unknown,unknown,unknown,unknown
-0.0809,0.47784,0.22598,0,mid 0.5-1.5m,unknown,unknown,unknown,unknown,unknown,unknown
-0.06135,0.49175,0.22869,0,mid 0.5-1.5m,unknown,unknown,unknown,unknown,unknown,unknown
-0.00936,0.48263,0.22727,0,mid 0.5-1.5m,unknown,unknown,unknown,unknown,unknown,unknown
0.06579,0.47932,0.22703,0,mid 0.5-1.5m,unknown,unknown,unknown,unknown,unknown,unknown
0.12181,0.47067,0.22713,0,mid 0.5-1.5m,unknown,unknown,unknown,unknown,unknown,unknown
0.18719,0.47121,0.22375,0,mid 0.5-1.5m,unknown,unknown,unknown,unknown,unknown,unknown
0.19287,0.4618,0.2223,0,mid 0.5-1.5m,unknown,unknown,unknown,unknown,unknown,unknown
0.29233,0.39548,0.20588,0,mid 0.5-1.5m,unknown,unknown,unknown,unknown,unknown,unknown
0.29697,0.36976,0.20982,0,mid 0.5-1.5m,unknown,unknown,unknown,unknown,unknown,unknown
0.35359,0.3266,0.20512,0,mid 0.5-1.5m,unknown,unknown,unknown,unknown,unknown,unknown
0.41234,0.30179,0.19966,0,mid 0.5-1.5m,unknown,unknown,unknown,unknown,unknown,unknown
0.48913,0.2658,0.19401,0,mid 0.5-1.5m,unknown,unknown,unknown,unknown,unknown,unknown
0.06494,0.52081,0.184,0,mid 0.5-1.5m,unknown,unknown,unknown,unknown,unknown,unknown
0.82081,0.16483,0.12388,0,mid 0.5-1.5m,unknown,unknown,unknown,unknown,unknown,unknown
0.93762,0.08673,0.11696,0,mid 0.5-1.5m,unknown,unknown,unknown,unknown,unknown,unknown
0.97826,0.05936,0.11574,0,mid 0.5-1.5m,unknown,unknown,unknown,unknown,unknown,unknown
1.26707,0.0461,0.1001,0,mid 0.5-1.5m,unknown,unknown,unknown,unknown,unknown,unknown
1.29003,-0.03022,0.09562,0,far 1.5-3.5m,unknown,unknown,unknown,unknown,unknown,unknown
0.98355,-0.04301,0.11646,0,mid 0.5-1.5m,unknown,unknown,unknown,unknown,unknown,unknown
0.54115,-0.1093,0.15652,0,mid 0.5-1.5m,unknown,unknown,unknown,unknown,unknown,unknown
0.31803,-0.24183,0.15686,0,mid 0.5-1.5m,unknown,unknown,unknown,unknown,unknown,unknown
0.13414,-0.22986,0.17695,0,mid 0.5-1.5m,unknown,unknown,unknown,unknown,unknown,unknown
0.0588,-0.28794,0.18026,0,mid 0.5-1.5m,unknown,unknown,unknown,unknown,unknown,unknown
0.02394,-0.34398,0.17319,0,mid 0.5-1.5m,unknown,unknown,unknown,unknown,unknown,unknown
-0.07868,-0.27634,0.17399,0,mid 0.5-1.5m,unknown,unknown,unknown,unknown,unknown,unknown
-0.15991,-0.16289,0.17839,0,mid 0.5-1.5m,unknown,unknown,unknown,unknown,unknown,unknown
-0.42853,-0.10693,0.15187,0,mid 0.5-1.5m,unknown,unknown,unknown,unknown,unknown,unknown
-0.5296,-0.17784,0.1515,0,mid 0.5-1.5m,unknown,unknown,unknown,unknown,unknown,unknown
-0.6381,-0.09539,0.14328,0,mid 0.5-1.5m,unknown,unknown,unknown,unknown,unknown,unknown
-0.69243,-0.10262,0.13837,0,mid 0.5-1.5m,unknown,unknown,unknown,unknown,unknown,unknown
-0.65962,-0.04319,0.14107,0,mid 0.5-1.5m,unknown,unknown,unknown,unknown,unknown,unknown
-0.64432,0.07317,0.1375,0,mid 0.5-1.5m,unknown,unknown,unknown,unknown,unknown,unknown
-0.77743,0.15442,0.12134,0,mid 0.5-1.5m,unknown,unknown,unknown,unknown,unknown,unknown
-0.74481,0.18525,0.12129,0,mid 0.5-1.5m,unknown,unknown,unknown,unknown,unknown,unknown
-0.7916,0.33358,0.11572,0,mid 0.5-1.5m,unknown,unknown,unknown,unknown,unknown,unknown
-0.58537,0.32892,0.121,0,mid 0.5-1.5m,unknown,unknown,unknown,unknown,unknown,unknown
-0.45039,0.43571,0.13571,0,mid 0.5-1.5m,unknown,unknown,unknown,unknown,unknown,unknown
-0.05075,0.12418,0.27158,1,near <0.5m,unknown,unknown,unknown,unknown,unknown,unknown
-0.01154,0.12868,0.26838,1,near <0.5m,unknown,unknown,unknown,unknown,unknown,unknown
-0.04102,0.11712,0.26687,1,near <0.5m,unknown,unknown,unknown,unknown,unknown,unknown
-0.04632,0.11832,0.26642,1,near <0.5m,unknown,unknown,unknown,unknown,unknown,unknown
-0.04878,0.12371,0.26656,1,near <0.5m,unknown,unknown,unknown,unknown,unknown,unknown
-0.0446,0.11698,0.26618,1,near <0.5m,unknown,unknown,unknown,unknown,unknown,unknown
-0.04917,0.11937,0.2672,1,near <0.5m,unknown,unknown,unknown,unknown,unknown,unknown
-0.05395,0.11932,0.26666,1,near <0.5m,unknown,unknown,unknown,unknown,unknown,unknown
-0.04112,0.11006,0.27014,1,near <0.5m,unknown,unknown,unknown,unknown,unknown,unknown
-0.27412,0.10597,0.25564,1,near <0.5m,unknown,unknown,unknown,unknown,unknown,unknown
-0.42926,0.08631,0.24283,1,mid 0.5-1.5m,unknown,unknown,unknown,unknown,unknown,unknown
-0.06426,0.13443,0.26605,1,near <0.5m,unknown,unknown,unknown,unknown,unknown,unknown
-0.05978,0.12206,0.26775,1,near <0.5m,unknown,unknown,unknown,unknown,unknown,unknown
-0.05454,0.12386,0.26943,1,near <0.5m,unknown,unknown,unknown,unknown,unknown,unknown
-0.05881,0.12316,0.26702,1,near <0.5m,unknown,unknown,unknown,unknown,unknown,unknown
-0.05063,0.1364,0.26807,1,near <0.5m,unknown,unknown,unknown,unknown,unknown,unknown
-0.05306,0.13896,0.26977,1,near <0.5m,unknown,unknown,unknown,unknown,unknown,unknown
-0.0559,0.13817,0.2699,1,near <0.5m,unknown,unknown,unknown,unknown,unknown,unknown
-0.07036,0.13083,0.26653,1,near <0.5m,unknown,unknown,unknown,unknown,unknown,unknown
-0.07007,0.13184,0.26801,1,near <0.5m,unknown,unknown,unknown,unknown,unknown,unknown
-0.06235,0.13415,0.26908,1,near <0.5m,unknown,unknown,unknown,unknown,unknown,unknown
-0.05978,0.13848,0.26922,1,near <0.5m,unknown,unknown,unknown,unknown,unknown,unknown
-0.05915,0.13869,0.26977,1,near <0.5m,unknown,unknown,unknown,unknown,unknown,unknown
-0.05323,0.13867,0.26891,1,near <0.5m,unknown,unknown,unknown,unknown,unknown,unknown
-0.05223,0.1402,0.26871,1,near <0.5m,unknown,unknown,unknown,unknown,unknown,unknown
-0.04909,0.14142,0.26896,1,near <0.5m,unknown,unknown,unknown,unknown,unknown,unknown
-0.05198,0.14184,0.26793,1,near <0.5m,unknown,unknown,unknown,unknown,unknown,unknown
-0.04824,0.14192,0.26806,1,near <0.5m,unknown,unknown,unknown,unknown,unknown,unknown
-0.05448,0.13483,0.26706,1,near <0.5m,unknown,unknown,unknown,unknown,unknown,unknown
-0.05447,0.13716,0.26987,1,near <0.5m,unknown,unknown,unknown,unknown,unknown,unknown
-0.05241,0.12726,0.26865,1,near <0.5m,unknown,unknown,unknown,unknown,unknown,unknown
-0.00164,0.13814,0.21878,1,mid 0.5-1.5m,unknown,unknown,unknown,unknown,unknown,unknown
0.00718,0.13633,0.21602,1,mid 0.5-1.5m,unknown,unknown,unknown,unknown,unknown,unknown
-0.01025,0.13943,0.21762,1,mid 0.5-1.5m,unknown,unknown,unknown,unknown,unknown,unknown
-0.02668,0.13546,0.22018,1,mid 0.5-1.5m,unknown,unknown,unknown,unknown,unknown,unknown
-0.01685,0.14365,0.22061,1,mid 0.5-1.5m,unknown,unknown,unknown,unknown,unknown,unknown
-0.01595,0.14668,0.22284,1,mid 0.5-1.5m,unknown,unknown,unknown,unknown,unknown,unknown
-0.02218,0.14819,0.22949,1,mid 0.5-1.5m,unknown,unknown,unknown,unknown,unknown,unknown
-0.04632,0.14216,0.22453,1,mid 0.5-1.5m,unknown,unknown,unknown,unknown,unknown,unknown
-0.03736,0.14511,0.22459,1,mid 0.5-1.5m,unknown,unknown,unknown,unknown,unknown,unknown
0.03567,0.13803,0.22768,1,mid 0.5-1.5m,unknown,unknown,unknown,unknown,unknown,unknown
-0.04636,0.13099,0.21952,1,mid 0.5-1.5m,unknown,unknown,unknown,unknown,unknown,unknown
-0.02518,0.11868,0.21845,1,mid 0.5-1.5m,unknown,unknown,unknown,unknown,unknown,unknown
-0.01876,0.11586,0.21897,1,mid 0.5-1.5m,unknown,unknown,unknown,unknown,unknown,unknown
-0.02541,0.11045,0.21821,1,mid 0.5-1.5m,unknown,unknown,unknown,unknown,unknown,unknown
-0.04161,0.11336,0.21766,1,mid 0.5-1.5m,unknown,unknown,unknown,unknown,unknown,unknown
-0.04462,0.11016,0.2199,1,mid 0.5-1.5m,unknown,unknown,unknown,unknown,unknown,unknown
-0.02979,0.12636,0.22122,1,mid 0.5-1.5m,unknown,unknown,unknown,unknown,unknown,unknown
-0.01699,0.12124,0.21923,1,mid 0.5-1.5m,unknown,unknown,unknown,unknown,unknown,unknown
-0.00504,0.13608,0.21799,1,mid 0.5-1.5m,unknown,unknown,unknown,unknown,unknown,unknown
-0.00054,0.13705,0.21989,1,mid 0.5-1.5m,unknown,unknown,unknown,unknown,unknown,unknown
-0.00479,0.1197,0.21819,1,mid 0.5-1.5m,unknown,unknown,unknown,unknown,unknown,unknown
-0.01198,0.12438,0.21787,1,mid 0.5-1.5m,unknown,unknown,unknown,unknown,unknown,unknown
-0.03514,0.11891,0.21962,1,mid 0.5-1.5m,unknown,unknown,unknown,unknown,unknown,unknown
-0.03274,0.13063,0.2195,1,mid 0.5-1.5m,unknown,unknown,unknown,unknown,unknown,unknown
-0.03313,0.12984,0.21935,1,mid 0.5-1.5m,unknown,unknown,unknown,unknown,unknown,unknown
-0.02801,0.12965,0.21904,1,mid 0.5-1.5m,unknown,unknown,unknown,unknown,unknown,unknown
-0.77971,-0.00394,0.14926,0,mid 0.5-1.5m,unknown,unknown,unknown,unknown,unknown,unknown
-0.54942,0.10833,0.17428,0,mid 0.5-1.5m,unknown,unknown,unknown,unknown,unknown,unknown
-0.49244,0.13689,0.1717,0,mid 0.5-1.5m,unknown,unknown,unknown,unknown,unknown,unknown
-0.57457,0.13878,0.1619,0,mid 0.5-1.5m,unknown,unknown,unknown,unknown,unknown,unknown
-0.58756,0.15493,0.15918,0,mid 0.5-1.5m,unknown,unknown,unknown,unknown,unknown,unknown
-0.57392,0.18713,0.1653,0,mid 0.5-1.5m,unknown,unknown,unknown,unknown,unknown,unknown
-0.5211,0.2179,0.1754,0,mid 0.5-1.5m,unknown,unknown,unknown,unknown,unknown,unknown
-0.39956,0.23176,0.16843,0,mid 0.5-1.5m,unknown,unknown,unknown,unknown,unknown,unknown
-0.31255,0.23942,0.18318,0,mid 0.5-1.5m,unknown,unknown,unknown,unknown,unknown,unknown
-0.19127,0.27688,0.19649,0,mid 0.5-1.5m,unknown,unknown,unknown,unknown,unknown,unknown
-0.07344,0.2941,0.20711,0,mid 0.5-1.5m,unknown,unknown,unknown,unknown,unknown,unknown
0.00446,0.30892,0.20255,0,mid 0.5-1.5m,unknown,unknown,unknown,unknown,unknown,unknown
0.04925,0.33301,0.2079,0,mid 0.5-1.5m,unknown,unknown,unknown,unknown,unknown,unknown
0.03434,0.41533,0.21143,0,mid 0.5-1.5m,unknown,unknown,unknown,unknown,unknown,unknown
0.05245,0.39393,0.20126,0,mid 0.5-1.5m,unknown,unknown,unknown,unknown,unknown,unknown
0.0173,0.3414,0.18785,0,mid 0.5-1.5m,unknown,unknown,unknown,unknown,unknown,unknown
0.11712,0.33798,0.18231,0,mid 0.5-1.5m,unknown,unknown,unknown,unknown,unknown,unknown
0.16278,0.29218,0.17111,0,mid 0.5-1.5m,unknown,unknown,unknown,unknown,unknown,unknown
0.28338,0.25468,0.16445,0,mid 0.5-1.5m,unknown,unknown,unknown,unknown,unknown,unknown
0.36298,-0.07244,0.17028,0,mid 0.5-1.5m,unknown,unknown,unknown,unknown,unknown,unknown
0.34836,-0.15333,0.18255,0,mid 0.5-1.5m,unknown,unknown,unknown,unknown,unknown,unknown
0.30169,-0.15679,0.17923,0,mid 0.5-1.5m,unknown,unknown,unknown,unknown,unknown,unknown
0.25595,-0.16206,0.19013,0,mid 0.5-1.5m,unknown,unknown,unknown,unknown,unknown,unknown
0.24358,-0.10658,0.19526,0,mid 0.5-1.5m,unknown,unknown,unknown,unknown,unknown,unknown
-0.08586,-0.09232,0.21434,0,mid 0.5-1.5m,unknown,unknown,unknown,unknown,unknown,unknown
-0.56164,0.04889,0.17938,0,mid 0.5-1.5m,unknown,unknown,unknown,unknown,unknown,unknown
-0.64691,0.11235,0.1644,0,mid 0.5-1.5m,unknown,unknown,unknown,unknown,unknown,unknown
-0.61208,0.11377,0.16739,0,mid 0.5-1.5m,unknown,unknown,unknown,unknown,unknown,unknown
-0.62081,0.14101,0.16408,0,mid 0.5-1.5m,unknown,unknown,unknown,unknown,unknown,unknown
-0.57132,0.14358,0.16812,0,mid 0.5-1.5m,unknown,unknown,unknown,unknown,unknown,unknown
-0.48771,0.17144,0.17305,0,mid 0.5-1.5m,unknown,unknown,unknown,unknown,unknown,unknown
-0.44768,0.15192,0.17856,0,mid 0.5-1.5m,unknown,unknown,unknown,unknown,unknown,unknown
-0.0062,0.0524,0.22274,1,mid 0.5-1.5m,unknown,unknown,unknown,unknown,unknown,unknown
0.00053,0.03145,0.22465,1,mid 0.5-1.5m,unknown,unknown,unknown,unknown,unknown,unknown
0.00734,0.01434,0.22252,1,mid 0.5-1.5m,unknown,unknown,unknown,unknown,unknown,unknown
-0.00199,0.00578,0.22596,1,mid 0.5-1.5m,unknown,unknown,unknown,unknown,unknown,unknown
0.00615,0.01227,0.22004,1,mid 0.5-1.5m,unknown,unknown,unknown,unknown,unknown,unknown
0.01005,0.01106,0.21983,1,mid 0.5-1.5m,unknown,unknown,unknown,unknown,unknown,unknown
0.0124,0.03053,0.22066,1,mid 0.5-1.5m,unknown,unknown,unknown,unknown,unknown,unknown
0.0163,0.02973,0.2186,1,mid 0.5-1.5m,unknown,unknown,unknown,unknown,unknown,unknown
0.01318,0.0285,0.21948,1,mid 0.5-1.5m,unknown,unknown,unknown,unknown,unknown,unknown
0.01561,0.02184,0.22202,1,mid 0.5-1.5m,unknown,unknown,unknown,unknown,unknown,unknown
0.0162,0.02013,0.21834,1,mid 0.5-1.5m,unknown,unknown,unknown,unknown,unknown,unknown
0.01157,0.02625,0.22162,1,mid 0.5-1.5m,unknown,unknown,unknown,unknown,unknown,unknown
0.03026,0.02867,0.21941,1,mid 0.5-1.5m,unknown,unknown,unknown,unknown,unknown,unknown
0.03009,0.00574,0.21791,1,mid 0.5-1.5m,unknown,unknown,unknown,unknown,unknown,unknown
0.02896,0.00683,0.21901,1,mid 0.5-1.5m,unknown,unknown,unknown,unknown,unknown,unknown
0.02933,-0.00577,0.22083,1,mid 0.5-1.5m,unknown,unknown,unknown,unknown,unknown,unknown
0.03148,-0.01308,0.22034,1,mid 0.5-1.5m,unknown,unknown,unknown,unknown,unknown,unknown
0.07057,0.00887,0.22289,1,mid 0.5-1.5m,unknown,unknown,unknown,unknown,unknown,unknown
0.05706,0.0134,0.2226,1,mid 0.5-1.5m,unknown,unknown,unknown,unknown,unknown,unknown
0.06537,0.01533,0.22166,1,mid 0.5-1.5m,unknown,unknown,unknown,unknown,unknown,unknown
0.05549,0.00923,0.22216,1,mid 0.5-1.5m,unknown,unknown,unknown,unknown,unknown,unknown
0.01359,0.00206,0.22428,1,mid 0.5-1.5m,unknown,unknown,unknown,unknown,unknown,unknown
-0.00635,0.01579,0.22441,1,mid 0.5-1.5m,unknown,unknown,unknown,unknown,unknown,unknown
-0.00476,0.01204,0.22438,1,mid 0.5-1.5m,unknown,unknown,unknown,unknown,unknown,unknown
-0.00791,0.01181,0.22338,1,mid 0.5-1.5m,unknown,unknown,unknown,unknown,unknown,unknown
-0.00826,0.01055,0.23093,1,mid 0.5-1.5m,unknown,unknown,unknown,unknown,unknown,unknown
-0.00309,0.01629,0.22421,1,mid 0.5-1.5m,unknown,unknown,unknown,unknown,unknown,unknown
-0.01886,0.01187,0.22511,1,mid 0.5-1.5m,unknown,unknown,unknown,unknown,unknown,unknown
-0.02374,0.01583,0.2253,1,mid 0.5-1.5m,unknown,unknown,unknown,unknown,unknown,unknown
-0.02559,0.02432,0.22439,1,mid 0.5-1.5m,unknown,unknown,unknown,unknown,unknown,unknown
-0.02276,0.0243,0.22373,1,mid 0.5-1.5m,unknown,unknown,unknown,unknown,unknown,unknown
-0.01476,0.02488,0.22213,1,mid 0.5-1.5m,unknown,unknown,unknown,unknown,unknown,unknown
-0.00952,0.02595,0.22003,1,mid 0.5-1.5m,unknown,unknown,unknown,unknown,unknown,unknown
-0.00896,0.02569,0.21992,1,mid 0.5-1.5m,unknown,unknown,unknown,unknown,unknown,unknown
-0.00632,0.02513,0.2205,1,mid 0.5-1.5m,unknown,unknown,unknown,unknown,unknown,unknown
-0.00795,0.02736,0.22086,1,mid 0.5-1.5m,unknown,unknown,unknown,unknown,unknown,unknown
-0.00294,0.02164,0.22183,1,mid 0.5-1.5m,unknown,unknown,unknown,unknown,unknown,unknown
-0.0018,0.02899,0.22117,1,mid 0.5-1.5m,unknown,unknown,unknown,unknown,unknown,unknown
-0.00095,0.02342,0.22175,1,mid 0.5-1.5m,unknown,unknown,unknown,unknown,unknown,unknown
-0.00125,0.02601,0.22128,1,mid 0.5-1.5m,unknown,unknown,unknown,unknown,unknown,unknown
0.00543,0.02182,0.22112,1,mid 0.5-1.5m,unknown,unknown,unknown,unknown,unknown,unknown
0.00198,0.02421,0.2205,1,mid 0.5-1.5m,unknown,unknown,unknown,unknown,unknown,unknown
0.01115,0.0279,0.22137,1,mid 0.5-1.5m,unknown,unknown,unknown,unknown,unknown,unknown
0.00916,0.02903,0.2214,1,mid 0.5-1.5m,unknown,unknown,unknown,unknown,unknown,unknown
0.01283,0.02474,0.22127,1,mid 0.5-1.5m,unknown,unknown,unknown,unknown,unknown,unknown
0.01011,0.02734,0.22095,1,mid 0.5-1.5m,unknown,unknown,unknown,unknown,unknown,unknown
0.01317,0.02654,0.2217,1,mid 0.5-1.5m,unknown,unknown,unknown,unknown,unknown,unknown
0.00442,0.03263,0.22137,1,mid 0.5-1.5m,unknown,unknown,unknown,unknown,unknown,unknown
0.02298,0.02449,0.18843,1,mid 0.5-1.5m,unknown,unknown,unknown,unknown,unknown,unknown
0.02647,0.02691,0.19088,1,mid 0.5-1.5m,unknown,unknown,unknown,unknown,unknown,unknown
0.0195,0.01092,0.19154,1,mid 0.5-1.5m,unknown,unknown,unknown,unknown,unknown,unknown
0.02077,0.02524,0.18833,1,mid 0.5-1.5m,unknown,unknown,unknown,unknown,unknown,unknown
0.01094,0.02184,0.18979,1,mid 0.5-1.5m,unknown,unknown,unknown,unknown,unknown,unknown
0.03027,0.02174,0.19089,1,mid 0.5-1.5m,unknown,unknown,unknown,unknown,unknown,unknown
0.03268,0.03254,0.1885,1,mid 0.5-1.5m,unknown,unknown,unknown,unknown,unknown,unknown
0.04852,0.03329,0.18881,1,mid 0.5-1.5m,unknown,unknown,unknown,unknown,unknown,unknown
-0.00447,0.04431,0.19349,1,mid 0.5-1.5m,unknown,unknown,unknown,unknown,unknown,unknown
0.01719,0.03333,0.19372,1,mid 0.5-1.5m,unknown,unknown,unknown,unknown,unknown,unknown
0.01839,0.03307,0.1959,1,mid 0.5-1.5m,unknown,unknown,unknown,unknown,unknown,unknown
0.02613,0.02606,0.19783,1,mid 0.5-1.5m,unknown,unknown,unknown,unknown,unknown,unknown
0.02068,0.03219,0.19712,1,mid 0.5-1.5m,unknown,unknown,unknown,unknown,unknown,unknown
0.01818,0.03386,0.19566,1,mid 0.5-1.5m,unknown,unknown,unknown,unknown,unknown,unknown
0.01902,0.03664,0.19485,1,mid 0.5-1.5m,unknown,unknown,unknown,unknown,unknown,unknown
0.01499,0.03882,0.19456,1,mid 0.5-1.5m,unknown,unknown,unknown,unknown,unknown,unknown
0.01619,0.03108,0.19516,1,mid 0.5-1.5m,unknown,unknown,unknown,unknown,unknown,unknown
0.02007,0.03462,0.19433,1,mid 0.5-1.5m,unknown,unknown,unknown,unknown,unknown,unknown
0.01801,0.0371,0.19357,1,mid 0.5-1.5m,unknown,unknown,unknown,unknown,unknown,unknown
0.02279,0.02739,0.1939,1,mid 0.5-1.5m,unknown,unknown,unknown,unknown,unknown,unknown
0.02174,0.03501,0.19461,1,mid 0.5-1.5m,unknown,unknown,unknown,unknown,unknown,unknown
0.02413,0.03557,0.19397,1,mid 0.5-1.5m,unknown,unknown,unknown,unknown,unknown,unknown
0.01683,0.02464,0.19509,1,mid 0.5-1.5m,unknown,unknown,unknown,unknown,unknown,unknown
0.01529,0.02339,0.19552,1,mid 0.5-1.5m,unknown,unknown,unknown,unknown,unknown,unknown
0.01651,0.01862,0.19608,1,mid 0.5-1.5m,unknown,unknown,unknown,unknown,unknown,unknown
0.01532,0.01707,0.19593,1,mid 0.5-1.5m,unknown,unknown,unknown,unknown,unknown,unknown
0.01998,0.01748,0.1939,1,mid 0.5-1.5m,unknown,unknown,unknown,unknown,unknown,unknown
0.01664,0.02101,0.19315,1,mid 0.5-1.5m,unknown,unknown,unknown,unknown,unknown,unknown
0.01001,0.02506,0.19175,1,mid 0.5-1.5m,unknown,unknown,unknown,unknown,unknown,unknown
0.00828,0.03423,0.19289,1,mid 0.5-1.5m,unknown,unknown,unknown,unknown,unknown,unknown
0.00671,0.03477,0.19201,1,mid 0.5-1.5m,unknown,unknown,unknown,unknown,unknown,unknown
0.00281,0.04219,0.19209,1,mid 0.5-1.5m,unknown,unknown,unknown,unknown,unknown,unknown
0.01186,0.04508,0.19227,1,mid 0.5-1.5m,unknown,unknown,unknown,unknown,unknown,unknown
0.00783,0.05338,0.193,1,mid 0.5-1.5m,unknown,unknown,unknown,unknown,unknown,unknown
0.00508,0.04239,0.19299,1,mid 0.5-1.5m,unknown,unknown,unknown,unknown,unknown,unknown
0.0091,0.03916,0.19423,1,mid 0.5-1.5m,unknown,unknown,unknown,unknown,unknown,unknown
0.01055,0.03751,0.1939,1,mid 0.5-1.5m,unknown,unknown,unknown,unknown,unknown,unknown
-0.01072,0.01141,0.22002,0,mid 0.5-1.5m,unknown,unknown,unknown,unknown,unknown,unknown
-0.00292,-0.54179,0.21561,0,mid 0.5-1.5m,unknown,unknown,unknown,unknown,unknown,unknown
-0.0096,-0.51787,0.21797,0,mid 0.5-1.5m,unknown,unknown,unknown,unknown,unknown,unknown
0.00266,-0.49656,0.21431,0,mid 0.5-1.5m,unknown,unknown,unknown,unknown,unknown,unknown
-0.00234,-0.48993,0.21443,0,mid 0.5-1.5m,unknown,unknown,unknown,unknown,unknown,unknown
0.00023,-0.49085,0.21732,0,mid 0.5-1.5m,unknown,unknown,unknown,unknown,unknown,unknown
-0.01846,-0.46997,0.21718,0,mid 0.5-1.5m,unknown,unknown,unknown,unknown,unknown,unknown
-0.02721,-0.43532,0.21364,0,mid 0.5-1.5m,unknown,unknown,unknown,unknown,unknown,unknown
-0.0408,-0.44588,0.21157,0,mid 0.5-1.5m,unknown,unknown,unknown,unknown,unknown,unknown
-0.04975,-0.39791,0.2101,0,mid 0.5-1.5m,unknown,unknown,unknown,unknown,unknown,unknown
-0.01503,-0.41456,0.21382,0,mid 0.5-1.5m,unknown,unknown,unknown,unknown,unknown,unknown
-0.02543,-0.38647,0.21058,0,mid 0.5-1.5m,unknown,unknown,unknown,unknown,unknown,unknown
-0.02251,-0.34401,0.21619,0,mid 0.5-1.5m,unknown,unknown,unknown,unknown,unknown,unknown
-0.01266,-0.43232,0.21259,0,mid 0.5-1.5m,unknown,unknown,unknown,unknown,unknown,unknown
-0.02243,-0.4101,0.2138,0,mid 0.5-1.5m,unknown,unknown,unknown,unknown,unknown,unknown
-0.03825,-0.38517,0.20991,0,mid 0.5-1.5m,unknown,unknown,unknown,unknown,unknown,unknown
-0.04872,-0.41804,0.21341,0,mid 0.5-1.5m,unknown,unknown,unknown,unknown,unknown,unknown
-0.06819,-0.40605,0.21045,0,mid 0.5-1.5m,unknown,unknown,unknown,unknown,unknown,unknown
-0.07558,-0.48244,0.21347,0,mid 0.5-1.5m,unknown,unknown,unknown,unknown,unknown,unknown
-0.08958,-0.48365,0.21264,0,mid 0.5-1.5m,unknown,unknown,unknown,unknown,unknown,unknown
-0.10518,-0.45679,0.21396,0,mid 0.5-1.5m,unknown,unknown,unknown,unknown,unknown,unknown
-0.09537,-0.46526,0.21195,0,mid 0.5-1.5m,unknown,unknown,unknown,unknown,unknown,unknown
-0.12753,-0.46689,0.21293,0,mid 0.5-1.5m,unknown,unknown,unknown,unknown,unknown,unknown
-0.14442,-0.46294,0.2153,0,mid 0.5-1.5m,unknown,unknown,unknown,unknown,unknown,unknown
-0.23778,-0.36817,0.20256,0,mid 0.5-1.5m,unknown,unknown,unknown,unknown,unknown,unknown
-0.34007,-0.33252,0.18936,0,mid 0.5-1.5m,unknown,unknown,unknown,unknown,unknown,unknown
-0.63012,-0.33343,0.14964,0,mid 0.5-1.5m,unknown,unknown,unknown,unknown,unknown,unknown
-0.75274,-0.32957,0.13463,0,mid 0.5-1.5m,unknown,unknown,unknown,unknown,unknown,unknown
-1.06931,-0.32639,0.1068,0,mid 0.5-1.5m,unknown,unknown,unknown,unknown,unknown,unknown
-1.2794,-0.29143,0.09278,0,far 1.5-3.5m,unknown,unknown,unknown,unknown,unknown,unknown
-1.06058,0.55965,0.08201,0,far 1.5-3.5m,unknown,unknown,unknown,unknown,unknown,unknown
-0.86265,0.7062,0.10569,0,mid 0.5-1.5m,unknown,unknown,unknown,unknown,unknown,unknown
-0.5297,0.59306,0.16006,0,mid 0.5-1.5m,unknown,unknown,unknown,unknown,unknown,unknown
-0.45327,0.5699,0.16747,0,mid 0.5-1.5m,unknown,unknown,unknown,unknown,unknown,unknown
-0.42113,0.53079,0.17002,0,mid 0.5-1.5m,unknown,unknown,unknown,unknown,unknown,unknown
-0.23977,0.44764,0.18945,0,mid 0.5-1.5m,unknown,unknown,unknown,unknown,unknown,unknown
-0.16679,0.46304,0.18786,0,mid 0.5-1.5m,unknown,unknown,unknown,unknown,unknown,unknown
-0.06622,0.44494,0.19016,0,mid 0.5-1.5m,unknown,unknown,unknown,unknown,unknown,unknown
0.17852,0.46608,0.20783,0,mid 0.5-1.5m,unknown,unknown,unknown,unknown,unknown,unknown
0.9373,0.49309,0.107,0,mid 0.5-1.5m,unknown,unknown,unknown,unknown,unknown,unknown
1.20105,0.4585,0.09986,0,far 1.5-3.5m,unknown,unknown,unknown,unknown,unknown,unknown
1.63817,0.44021,0.08141,0,far 1.5-3.5m,unknown,unknown,unknown,unknown,unknown,unknown
1.59963,0.30794,0.09156,0,far 1.5-3.5m,unknown,unknown,unknown,unknown,unknown,unknown
0.87376,0.19602,0.14424,0,mid 0.5-1.5m,unknown,unknown,unknown,unknown,unknown,unknown
1.22701,0.10988,0.11831,0,mid 0.5-1.5m,unknown,unknown,unknown,unknown,unknown,unknown
1.2612,0.03754,0.11647,0,mid 0.5-1.5m,unknown,unknown,unknown,unknown,unknown,unknown
1.31069,-0.14715,0.10888,0,mid 0.5-1.5m,unknown,unknown,unknown,unknown,unknown,unknown
0.99436,-0.11343,0.12965,0,mid 0.5-1.5m,unknown,unknown,unknown,unknown,unknown,unknown
0.67162,-0.25547,0.15197,0,mid 0.5-1.5m,unknown,unknown,unknown,unknown,unknown,unknown
0.33415,-0.40967,0.18611,0,mid 0.5-1.5m,unknown,unknown,unknown,unknown,unknown,unknown
0.33299,-0.50754,0.18226,0,mid 0.5-1.5m,unknown,unknown,unknown,unknown,unknown,unknown
0.36796,-0.42759,0.18477,0,mid 0.5-1.5m,unknown,unknown,unknown,unknown,unknown,unknown
-0.0515,-0.3064,0.18106,0,mid 0.5-1.5m,unknown,unknown,unknown,unknown,unknown,unknown
-0.04397,-0.21927,0.17957,0,mid 0.5-1.5m,unknown,unknown,unknown,unknown,unknown,unknown
-0.04145,-0.20225,0.1725,0,mid 0.5-1.5m,unknown,unknown,unknown,unknown,unknown,unknown
-0.35207,0.23424,0.16781,0,mid 0.5-1.5m,unknown,unknown,unknown,unknown,unknown,unknown
-0.41008,-0.04567,0.16061,0,mid 0.5-1.5m,unknown,unknown,unknown,unknown,unknown,unknown
-0.50983,0.06341,0.15607,0,mid 0.5-1.5m,unknown,unknown,unknown,unknown,unknown,unknown
-0.46725,0.03121,0.16156,0,mid 0.5-1.5m,unknown,unknown,unknown,unknown,unknown,unknown
-0.49838,0.05696,0.15462,0,mid 0.5-1.5m,unknown,unknown,unknown,unknown,unknown,unknown
-0.4762,0.072,0.1645,0,mid 0.5-1.5m,unknown,unknown,unknown,unknown,unknown,unknown
-0.47712,0.09612,0.16037,0,mid 0.5-1.5m,unknown,unknown,unknown,unknown,unknown,unknown
-0.46765,0.08934,0.16398,0,mid 0.5-1.5m,unknown,unknown,unknown,unknown,unknown,unknown
-0.47018,0.10662,0.16138,0,mid 0.5-1.5m,unknown,unknown,unknown,unknown,unknown,unknown
-0.47736,0.14018,0.15679,0,mid 0.5-1.5m,unknown,unknown,unknown,unknown,unknown,unknown
-0.51593,0.20834,0.15184,0,mid 0.5-1.5m,unknown,unknown,unknown,unknown,unknown,unknown
-0.47832,0.23046,0.15578,0,mid 0.5-1.5m,unknown,unknown,unknown,unknown,unknown,unknown
-0.44066,0.29621,0.15083,0,mid 0.5-1.5m,unknown,unknown,unknown,unknown,unknown,unknown
-0.41557,0.32026,0.16048,0,mid 0.5-1.5m,unknown,unknown,unknown,unknown,unknown,unknown
-0.40307,0.31353,0.15609,0,mid 0.5-1.5m,unknown,unknown,unknown,unknown,unknown,unknown
-0.30566,0.33026,0.17413,0,mid 0.5-1.5m,unknown,unknown,unknown,unknown,unknown,unknown
-0.27012,0.31914,0.18431,0,mid 0.5-1.5m,unknown,unknown,unknown,unknown,unknown,unknown
-0.15506,0.29605,0.17996,0,mid 0.5-1.5m,unknown,unknown,unknown,unknown,unknown,unknown
-0.10413,0.27244,0.18404,0,mid 0.5-1.5m,unknown,unknown,unknown,unknown,unknown,unknown
-0.02236,0.25291,0.18325,0,mid 0.5-1.5m,unknown,unknown,unknown,unknown,unknown,unknown
0.05446,0.24454,0.18501,0,mid 0.5-1.5m,unknown,unknown,unknown,unknown,unknown,unknown
0.1176,0.2265,0.18476,0,mid 0.5-1.5m,unknown,unknown,unknown,unknown,unknown,unknown
0.13766,0.24319,0.18681,0,mid 0.5-1.5m,unknown,unknown,unknown,unknown,unknown,unknown
0.16547,0.20361,0.18259,0,mid 0.5-1.5m,unknown,unknown,unknown,unknown,unknown,unknown
0.22441,0.22614,0.18064,0,mid 0.5-1.5m,unknown,unknown,unknown,unknown,unknown,unknown
0.31867,0.19796,0.16618,0,mid 0.5-1.5m,unknown,unknown,unknown,unknown,unknown,unknown
0.39224,0.18561,0.16032,0,mid 0.5-1.5m,unknown,unknown,unknown,unknown,unknown,unknown
0.36362,0.20264,0.16839,0,mid 0.5-1.5m,unknown,unknown,unknown,unknown,unknown,unknown
0.41883,0.21283,0.16358,0,mid 0.5-1.5m,unknown,unknown,unknown,unknown,unknown,unknown
0.46663,0.19077,0.15903,0,mid 0.5-1.5m,unknown,unknown,unknown,unknown,unknown,unknown
0.40718,0.16297,0.16536,0,mid 0.5-1.5m,unknown,unknown,unknown,unknown,unknown,unknown
0.45772,0.13888,0.16765,0,mid 0.5-1.5m,unknown,unknown,unknown,unknown,unknown,unknown
0.48285,0.06207,0.15182,0,mid 0.5-1.5m,unknown,unknown,unknown,unknown,unknown,unknown
0.38505,0.07185,0.16323,0,mid 0.5-1.5m,unknown,unknown,unknown,unknown,unknown,unknown
0.36405,0.05324,0.16604,0,mid 0.5-1.5m,unknown,unknown,unknown,unknown,unknown,unknown
0.37316,0.00557,0.16425,0,mid 0.5-1.5m,unknown,unknown,unknown,unknown,unknown,unknown
0.41048,0.00218,0.15986,0,mid 0.5-1.5m,unknown,unknown,unknown,unknown,unknown,unknown
0.33243,-0.02061,0.16961,0,mid 0.5-1.5m,unknown,unknown,unknown,unknown,unknown,unknown
0.26468,-0.05669,0.16988,0,mid 0.5-1.5m,unknown,unknown,unknown,unknown,unknown,unknown
0.22837,-0.07289,0.17478,0,mid 0.5-1.5m,unknown,unknown,unknown,unknown,unknown,unknown
0.18795,-0.07627,0.1754,0,mid 0.5-1.5m,unknown,unknown,unknown,unknown,unknown,unknown
0.14697,-0.08079,0.17926,0,mid 0.5-1.5m,unknown,unknown,unknown,unknown,unknown,unknown
0.04632,-0.09447,0.18182,0,mid 0.5-1.5m,unknown,unknown,unknown,unknown,unknown,unknown
0.01817,-0.11959,0.18231,0,mid 0.5-1.5m,unknown,unknown,unknown,unknown,unknown,unknown
-0.03493,-0.13679,0.18213,0,mid 0.5-1.5m,unknown,unknown,unknown,unknown,unknown,unknown
-0.08116,-0.14811,0.18194,0,mid 0.5-1.5m,unknown,unknown,unknown,unknown,unknown,unknown
-0.14961,-0.15364,0.17653,0,mid 0.5-1.5m,unknown,unknown,unknown,unknown,unknown,unknown
-0.28948,-0.11695,0.17031,0,mid 0.5-1.5m,unknown,unknown,unknown,unknown,unknown,unknown
-0.39547,-0.08647,0.16186,0,mid 0.5-1.5m,unknown,unknown,unknown,unknown,unknown,unknown
-0.47527,-0.07186,0.15003,0,mid 0.5-1.5m,unknown,unknown,unknown,unknown,unknown,unknown
-0.63386,0.0076,0.14253,0,mid 0.5-1.5m,unknown,unknown,unknown,unknown,unknown,unknown
-0.59525,0.09341,0.14803,0,mid 0.5-1.5m,unknown,unknown,unknown,unknown,unknown,unknown
-0.55061,0.16761,0.15365,0,mid 0.5-1.5m,unknown,unknown,unknown,unknown,unknown,unknown
-0.54422,0.16956,0.15051,0,mid 0.5-1.5m,unknown,unknown,unknown,unknown,unknown,unknown
-0.47277,0.17875,0.15977,0,mid 0.5-1.5m,unknown,unknown,unknown,unknown,unknown,unknown
-0.30669,0.23741,0.16578,0,mid 0.5-1.5m,unknown,unknown,unknown,unknown,unknown,unknown
-0.03533,0.2532,0.18416,0,mid 0.5-1.5m,unknown,unknown,unknown,unknown,unknown,unknown
